Posição;Nome do Deputado;Qtd de Despesas;Total Gasto
1º;Pompeo de Mattos;844;R$ 654.217,85
2º;Zé Haroldo Cathedral;201;R$ 621.479,54
3º;Gabriel Mota;52;R$ 617.002,13
4º;Lucas Ramos;218;R$ 613.138,80
5º;Vinicius Gurgel;146;R$ 603.766,23
6º;Albuquerque;157;R$ 601.358,09
7º;Cleber Verde;120;R$ 598.315,04
8º;Adail Filho;197;R$ 597.214,07
9º;João Maia;331;R$ 596.255,00
10º;Átila Lins;146;R$ 588.929,48
11º;André Ferreira;547;R$ 588.064,30
12º;Cabo Gilberto Silva;277;R$ 583.712,51
13º;Defensor Stélio Dener;172;R$ 577.687,44
14º;Eunício Oliveira;95;R$ 577.529,83
15º;General Girão;665;R$ 577.270,30
16º;Daiana Santos;362;R$ 576.230,42
17º;Natália Bonavides;1232;R$ 569.064,11
18º;Delegado Éder Mauro;104;R$ 568.163,59
19º;Waldemar Oliveira;427;R$ 566.053,96
20º;Coronel Chrisóstomo;407;R$ 565.566,37
21º;Luiz Gastão;206;R$ 565.187,28
22º;Dr. Jaziel;232;R$ 564.005,32
23º;Fernanda Pessoa;708;R$ 563.055,77
24º;Antonio Brito;675;R$ 562.284,10
25º;Daniel Almeida;224;R$ 562.261,13
26º;Domingos Neto;127;R$ 561.315,25
27º;Coronel Ulysses;263;R$ 559.008,74
28º;Lucio Mosquini;314;R$ 558.978,66
29º;Afonso Motta;812;R$ 558.703,14
30º;Gabriel Nunes;586;R$ 557.691,38
31º;Geraldo Resende;136;R$ 557.469,39
32º;Marcos Aurélio Sampaio;102;R$ 554.815,18
33º;Benes Leocádio;490;R$ 554.530,99
34º;Pedro Westphalen;729;R$ 554.214,38
35º;Flávio Nogueira;253;R$ 552.986,08
36º;Bohn Gass;974;R$ 552.186,64
37º;Adriano do Baldy;639;R$ 551.421,43
38º;Nicoletti;461;R$ 550.013,46
39º;Danilo Forte;544;R$ 549.137,06
40º;Delegado Fabio Costa;207;R$ 548.179,83
41º;Keniston Braga;218;R$ 547.465,27
42º;Roberto Duarte;448;R$ 546.595,24
43º;Saullo Vianna;261;R$ 545.358,06
44º;Coronel Meira;538;R$ 543.518,77
45º;Meire Serafim;386;R$ 543.351,74
46º;Antonio Andrade;206;R$ 542.058,60
47º;Sanderson;614;R$ 541.949,24
48º;Luizianne Lins;395;R$ 541.767,70
49º;Márcio Jerry;397;R$ 541.284,44
50º;Guilherme Uchoa;271;R$ 540.925,11
51º;Carlos Veras;839;R$ 540.871,16
52º;Alexandre Guimarães;331;R$ 540.276,20
53º;Duda Ramos;148;R$ 539.825,66
54º;Daniel Freitas;642;R$ 539.033,17
55º;Gustinho Ribeiro;110;R$ 538.934,99
56º;Daniel Barbosa;247;R$ 538.591,16
57º;Antônia Lúcia;186;R$ 538.259,59
58º;Lídice da Mata;998;R$ 536.763,00
59º;Joseildo Ramos;500;R$ 536.709,54
60º;Augusto Coutinho;535;R$ 535.389,05
61º;Delegado Matheus Laiola;284;R$ 535.173,85
62º;Jadyel Alencar;203;R$ 534.151,57
63º;Julio Arcoverde;278;R$ 533.673,96
64º;Franciane Bayer;700;R$ 533.337,22
65º;Zezinho Barbary;211;R$ 532.356,42
66º;Clodoaldo Magalhães;282;R$ 532.297,72
67º;Josenildo;257;R$ 532.274,08
68º;Afonso Hamm;939;R$ 532.004,37
69º;Gilberto Nascimento;181;R$ 531.941,48
70º;Aliel Machado;449;R$ 531.506,00
71º;Carlos Henrique Gaguim;470;R$ 531.420,15
72º;Dagoberto Nogueira;267;R$ 529.840,98
73º;Heitor Schuch;860;R$ 529.384,23
74º;Paulo Guedes;270;R$ 529.245,64
75º;Luciano Amaral;328;R$ 529.093,64
76º;Paulo Litro;507;R$ 528.444,94
77º;Cristiane Lopes;701;R$ 528.212,12
78º;Leo Prates;339;R$ 527.581,25
79º;Raimundo Santos;233;R$ 526.837,09
80º;Merlong Solano;552;R$ 526.769,46
81º;Delegada Katarina;566;R$ 526.747,48
82º;Juliana Cardoso;526;R$ 526.656,91
83º;Kiko Celeguim;280;R$ 526.500,20
84º;Raimundo Costa;673;R$ 526.287,36
85º;Helena Lima;447;R$ 525.210,19
86º;Dilvanda Faro;141;R$ 524.815,76
87º;Júlio Cesar;171;R$ 524.224,48
88º;Alceu Moreira;971;R$ 524.080,90
89º;Maria Arraes;466;R$ 523.540,57
90º;Gleisi Hoffmann;607;R$ 523.484,13
91º;Jonas Donizette;995;R$ 522.360,68
92º;Dilceu Sperafico;454;R$ 520.696,90
93º;Giovani Cherini;679;R$ 519.899,94
94º;Cezinha de Madureira;335;R$ 519.868,85
95º;Acácio Favacho;361;R$ 519.650,69
96º;Simone Marquetto;536;R$ 519.259,60
97º;Silvia Cristina;530;R$ 518.059,65
98º;Airton Faleiro;362;R$ 517.543,40
99º;Dal Barreto;201;R$ 517.251,08
100º;Gilson Daniel;385;R$ 516.776,69
101º;Iza Arruda;225;R$ 516.716,86
102º;Lula da Fonte;619;R$ 516.344,14
103º;Capitão Augusto;615;R$ 516.030,65
104º;Matheus Noronha;249;R$ 516.004,13
105º;Maurício Carvalho;395;R$ 515.832,69
106º;Dorinaldo Malafaia;226;R$ 515.776,84
107º;Luiz Nishimori;272;R$ 515.648,59
108º;Fernando Rodolfo;412;R$ 515.344,87
109º;Adilson Barroso;481;R$ 515.276,61
110º;Alice Portugal;291;R$ 514.516,44
111º;Ivoneide Caetano;322;R$ 514.172,06
112º;Charles Fernandes;273;R$ 513.646,88
113º;Arthur Oliveira Maia;492;R$ 513.617,68
114º;Wellington Roberto;238;R$ 513.390,16
115º;Henderson Pinto;401;R$ 513.329,48
116º;Átila Lira;240;R$ 513.105,23
117º;José Medeiros;1008;R$ 513.052,26
118º;Bebeto;272;R$ 513.047,13
119º;Maria do Rosário;1350;R$ 512.750,20
120º;Pedro Campos;574;R$ 512.442,97
121º;Dr. Luiz Ovando;639;R$ 512.442,13
122º;Neto Carletto;180;R$ 512.246,75
123º;Célio Studart;214;R$ 511.567,05
124º;Eriberto Medeiros;287;R$ 510.713,72
125º;Marussa Boldrin;267;R$ 510.439,57
126º;Domingos Sávio;531;R$ 510.116,55
127º;Waldenor Pereira;295;R$ 509.801,33
128º;Coronel Assis;367;R$ 509.525,93
129º;Luiz Carlos Busato;587;R$ 509.262,72
130º;Daniel Trzeciak;680;R$ 508.895,54
131º;Mauro Benevides Filho;168;R$ 508.430,68
132º;Ricardo Salles;341;R$ 508.098,54
133º;Eduardo da Fonte;565;R$ 507.876,67
134º;Renilce Nicodemos;157;R$ 507.340,90
135º;José Airton Félix Cirilo;157;R$ 507.332,35
136º;Elmar Nascimento;203;R$ 507.039,63
137º;Filipe Martins;262;R$ 506.686,26
138º;Socorro Neri;229;R$ 506.430,06
139º;Dr. Francisco;383;R$ 505.529,88
140º;Tabata Amaral;536;R$ 505.193,90
141º;Dr. Frederico;245;R$ 505.182,04
142º;Pedro Lucas Fernandes;355;R$ 504.460,28
143º;Zé Trovão;572;R$ 504.217,35
144º;Tião Medeiros;297;R$ 503.995,48
145º;Sergio Souza;645;R$ 503.635,35
146º;Beto Pereira;229;R$ 503.584,25
147º;Arlindo Chinaglia;319;R$ 503.565,26
148º;Mauricio Neves;130;R$ 502.746,83
149º;Paulo Folletto;222;R$ 502.689,29
150º;Luiz Couto;412;R$ 502.598,34
151º;Capitão Alden;229;R$ 502.597,41
152º;Rubens Pereira Júnior;111;R$ 502.278,21
153º;Evair Vieira de Melo;347;R$ 502.260,31
154º;Jilmar Tatto;169;R$ 502.216,36
155º;Bruno Farias;750;R$ 502.030,56
156º;Fernando Monteiro;433;R$ 501.863,72
157º;Stefano Aguiar;386;R$ 501.116,23
158º;Fausto Pinato;356;R$ 501.088,80
159º;Valmir Assunção;448;R$ 501.029,21
160º;Vermelho;375;R$ 500.850,59
161º;Bibo Nunes;848;R$ 500.755,03
162º;Thiago Flores;447;R$ 500.706,22
163º;Osmar Terra;667;R$ 500.340,08
164º;Mendonça Filho;351;R$ 499.891,24
165º;Odair Cunha;838;R$ 499.498,68
166º;Samuel Viana;972;R$ 499.142,27
167º;Ricardo Ayres;580;R$ 498.853,76
168º;Ismael;558;R$ 498.584,86
169º;Leur Lomanto Júnior;207;R$ 498.204,75
170º;Olival Marques;147;R$ 498.180,16
171º;Arnaldo Jardim;694;R$ 498.154,30
172º;Nely Aquino;421;R$ 498.073,88
173º;Dr. Zacharias Calil;534;R$ 497.946,39
174º;Weliton Prado;166;R$ 497.290,76
175º;Marangoni;492;R$ 497.027,05
176º;Tadeu Veneri;1027;R$ 496.922,77
177º;Lincoln Portela;494;R$ 495.552,66
178º;Pedro Lupion;246;R$ 495.416,34
179º;José Nelto;262;R$ 495.383,31
180º;Magda Mofatto;201;R$ 494.889,71
181º;André Janones;428;R$ 494.872,76
182º;Ana Paula Lima;450;R$ 494.347,87
183º;Mauricio do Vôlei;335;R$ 493.301,06
184º;Camila Jara;576;R$ 492.935,74
185º;Castro Neto;536;R$ 492.428,67
186º;Murilo Galdino;242;R$ 492.427,34
187º;Delegado Marcelo Freitas;446;R$ 491.241,99
188º;Paulão;378;R$ 490.765,25
189º;Toninho Wandscheer;301;R$ 490.361,10
190º;Welter;725;R$ 490.351,40
191º;Célio Silveira;259;R$ 490.093,95
192º;Rafael Brito;413;R$ 490.068,85
193º;Pastor Diniz;188;R$ 490.049,39
194º;Rogéria Santos;290;R$ 490.010,96
195º;Zeca Dirceu;490;R$ 489.544,85
196º;Maria Rosas;462;R$ 489.517,14
197º;Vitor Lippi;945;R$ 489.411,92
198º;Delegada Ione;763;R$ 489.331,07
199º;Rubens Otoni;238;R$ 488.530,73
200º;Jorge Solla;1444;R$ 488.032,17
201º;Nilto Tatto;535;R$ 487.058,31
202º;Altineu Côrtes;182;R$ 486.967,01
203º;Coronel Fernanda;400;R$ 486.220,52
204º;João Carlos Bacelar;391;R$ 485.972,32
205º;Carlos Sampaio;451;R$ 485.859,62
206º;Diego Coronel;486;R$ 485.433,90
207º;Zé Vitor;406;R$ 485.352,28
208º;Professor Alcides;50;R$ 484.974,59
209º;Rafael Simoes;332;R$ 484.972,26
210º;Aguinaldo Ribeiro;529;R$ 484.244,28
211º;Ana Paula Leão;537;R$ 483.474,77
212º;Padovani;592;R$ 483.087,09
213º;Marcelo Álvaro Antônio;588;R$ 482.826,66
214º;Messias Donato;302;R$ 482.319,71
215º;Rodolfo Nogueira;342;R$ 482.312,17
216º;Felipe Francischini;423;R$ 481.925,31
217º;Antônio Doido;182;R$ 481.125,20
218º;Dani Cunha;619;R$ 480.942,77
219º;Moses Rodrigues;175;R$ 480.882,98
220º;Aécio Neves;366;R$ 480.654,04
221º;Claudio Cajado;516;R$ 480.366,33
222º;Dr. Ismael Alexandrino;258;R$ 479.843,11
223º;Leonardo Monteiro;295;R$ 479.663,87
224º;Misael Varella;172;R$ 479.397,80
225º;Pr. Marco Feliciano;140;R$ 478.693,83
226º;Paulo Azi;241;R$ 478.660,58
227º;Fernando Mineiro;392;R$ 478.548,35
228º;Célia Xakriabá;817;R$ 478.457,75
229º;Marcos Pollon;219;R$ 477.975,00
230º;Diego Garcia;1279;R$ 477.016,11
231º;Josivaldo JP;188;R$ 476.954,30
232º;Alencar Santana;178;R$ 475.932,81
233º;Jefferson Campos;424;R$ 475.920,30
234º;Roberta Roma;413;R$ 475.879,85
235º;Zé Silva;330;R$ 475.794,90
236º;José Rocha;258;R$ 475.644,06
237º;Alfredinho;272;R$ 475.249,34
238º;Reginaldo Lopes;459;R$ 474.892,43
239º;Julio Lopes;209;R$ 474.851,22
240º;Carlos Zarattini;924;R$ 474.672,18
241º;Bacelar;213;R$ 473.815,24
242º;Erika Hilton;583;R$ 473.706,90
243º;Denise Pessôa;1993;R$ 473.706,30
244º;Juninho do Pneu;335;R$ 473.578,94
245º;Giacobo;93;R$ 473.510,16
246º;Dr. Fernando Máximo;323;R$ 473.087,01
247º;Saulo Pedroso;361;R$ 472.798,82
248º;Vinicius Carvalho;557;R$ 472.641,44
249º;Pedro Aihara;893;R$ 472.358,13
250º;Márcio Marinho;278;R$ 472.305,86
251º;Fabio Schiochet;561;R$ 471.963,73
252º;Amaro Neto;171;R$ 471.491,50
253º;Max Lemos;301;R$ 471.417,20
254º;Pastor Henrique Vieira;371;R$ 469.710,51
255º;Capitão Alberto Neto;233;R$ 469.423,11
256º;Vander Loubet;409;R$ 469.164,07
257º;Marcelo Crivella;329;R$ 468.620,47
258º;Reimont;538;R$ 468.128,79
259º;Sidney Leite;272;R$ 468.116,23
260º;Damião Feliciano;126;R$ 466.113,03
261º;Diego Andrade;470;R$ 465.376,57
262º;Marcos Pereira;149;R$ 464.229,52
263º;Ana Pimentel;717;R$ 464.197,01
264º;Luiz Lima;432;R$ 463.289,52
265º;Julia Zanatta;649;R$ 463.045,47
266º;Padre João;670;R$ 462.505,38
267º;Marx Beltrão;221;R$ 462.470,88
268º;Dimas Gadelha;115;R$ 462.013,21
269º;Delegado Paulo Bilynskyj;568;R$ 461.742,76
270º;Idilvan Alencar;527;R$ 461.667,50
271º;Gilberto Abramo;221;R$ 461.117,34
272º;Igor Timo;445;R$ 460.791,37
273º;Mauricio Marcon;323;R$ 460.122,58
274º;Glaustin da Fokus;20;R$ 460.077,70
275º;Mário Negromonte Jr.;230;R$ 459.977,16
276º;Chris Tonietto;886;R$ 459.726,11
277º;Rogério Correia;832;R$ 459.102,08
278º;Otoni de Paula;311;R$ 458.764,37
279º;Sóstenes Cavalcante;384;R$ 458.403,83
280º;Lafayette de Andrada;463;R$ 458.175,96
281º;Da Vitoria;384;R$ 457.961,46
282º;Sâmia Bomfim;241;R$ 457.843,33
283º;Luciano Ducci;589;R$ 457.176,80
284º;Luiz Philippe de Orleans e Bragança;708;R$ 456.976,60
285º;Sargento Portugal;279;R$ 456.804,00
286º;João Daniel;142;R$ 456.784,50
287º;Chico Alencar;537;R$ 456.460,28
288º;Mario Frias;349;R$ 455.980,19
289º;Rosângela Reis;238;R$ 455.863,51
290º;André Figueiredo;305;R$ 455.131,51
291º;Delegado Palumbo;612;R$ 455.120,47
292º;Dandara;224;R$ 454.135,91
293º;Dr. Victor Linhalis;203;R$ 452.125,16
294º;Alberto Fraga;59;R$ 452.034,40
295º;Professora Luciene Cavalcante;417;R$ 451.771,71
296º;Daniela Reinehr;741;R$ 451.635,77
297º;Emidinho Madeira;526;R$ 451.251,02
298º;Pastor Eurico;530;R$ 451.202,54
299º;Delegado da Cunha;169;R$ 450.148,51
300º;Fernando Coelho Filho;322;R$ 449.647,11
301º;Fred Linhares;320;R$ 449.439,35
302º;Ricardo Maia;225;R$ 448.065,07
303º;Hugo Motta;400;R$ 447.060,15
304º;Rodrigo de Castro;552;R$ 446.516,07
305º;Greyce Elias;896;R$ 446.164,94
306º;Aureo Ribeiro;209;R$ 445.830,24
307º;Bandeira de Mello;771;R$ 445.733,91
308º;Jack Rocha;445;R$ 443.696,70
309º;Félix Mendonça Júnior;269;R$ 442.768,27
310º;Rodrigo Valadares;265;R$ 442.655,78
311º;Tarcísio Motta;642;R$ 441.865,18
312º;Florentino Neto;175;R$ 441.107,51
313º;Luciano Vieira;291;R$ 440.963,29
314º;Eduardo Velloso;310;R$ 440.128,17
315º;Robinson Faria;265;R$ 440.085,72
316º;Murillo Gouvea;338;R$ 440.009,20
317º;David Soares;456;R$ 438.743,84
318º;Patrus Ananias;1178;R$ 438.718,64
319º;Romero Rodrigues;158;R$ 438.678,84
320º;Pinheirinho;485;R$ 437.808,36
321º;Paulo Freire Costa;171;R$ 436.166,29
322º;Erika Kokay;420;R$ 435.721,44
323º;Jorge Goetten;488;R$ 434.360,31
324º;Eduardo Bismarck;473;R$ 434.317,94
325º;Prof. Reginaldo Veras;318;R$ 434.054,94
326º;Luisa Canziani;240;R$ 432.737,24
327º;Silvye Alves;278;R$ 430.626,87
328º;Hercílio Coelho Diniz;212;R$ 429.009,78
329º;Luiz Fernando Faria;342;R$ 428.979,57
330º;Dra. Alessandra Haber;186;R$ 428.540,97
331º;Jorge Braz;260;R$ 428.415,46
332º;Daniela do Waguinho;155;R$ 427.874,28
333º;Túlio Gadêlha;509;R$ 427.830,57
334º;Paulo Abi-Ackel;707;R$ 427.775,34
335º;Carol Dartora;736;R$ 426.531,38
336º;Márcio Biolchi;528;R$ 426.512,22
337º;Alexandre Lindenmeyer;1856;R$ 426.081,73
338º;Dimas Fabiano;1442;R$ 425.899,75
339º;Roberto Monteiro Pai;614;R$ 425.553,42
340º;General Pazuello;472;R$ 425.308,56
341º;Andreia Siqueira;178;R$ 424.935,81
342º;Orlando Silva;216;R$ 424.847,70
343º;Marcelo Queiroz;231;R$ 424.837,69
344º;Adolfo Viana;209;R$ 424.186,78
345º;Rafael Prudente;101;R$ 423.833,17
346º;Alfredo Gaspar;270;R$ 422.984,52
347º;Felipe Carreras;478;R$ 422.719,22
348º;Sargento Gonçalves;291;R$ 421.469,03
349º;Miguel Ângelo;491;R$ 420.957,79
350º;Emanuel Pinheiro Neto;594;R$ 420.946,60
351º;Eros Biondini;457;R$ 420.435,04
352º;Benedita da Silva;326;R$ 420.095,92
353º;Gustavo Gayer;586;R$ 419.428,09
354º;Laura Carneiro;619;R$ 418.863,97
355º;Renildo Calheiros;344;R$ 418.027,54
356º;AJ Albuquerque;299;R$ 414.765,09
357º;Paulo Magalhães;351;R$ 413.139,67
358º;Rodrigo Gambale;317;R$ 410.633,59
359º;Aluisio Mendes;391;R$ 406.069,90
360º;Julio Cesar Ribeiro;142;R$ 405.703,63
361º;Filipe Barros;471;R$ 404.447,64
362º;Bia Kicis;322;R$ 402.758,26
363º;Duda Salabert;412;R$ 400.675,10
364º;Marcon;1059;R$ 397.248,08
365º;Fernanda Melchionna;384;R$ 396.181,30
366º;Doutor Luizinho;293;R$ 395.210,25
367º;Cobalchini;718;R$ 394.792,90
368º;Luiz Carlos Hauly;480;R$ 392.086,88
369º;Duarte Jr.;195;R$ 392.025,02
370º;Talíria Petrone;620;R$ 391.909,15
371º;Beto Richa;523;R$ 391.703,26
372º;Pedro Paulo;152;R$ 391.145,90
373º;Gilvan da Federal;548;R$ 389.616,36
374º;Joaquim Passarinho;353;R$ 388.503,31
375º;Ruy Carneiro;185;R$ 387.585,52
376º;Jandira Feghali;286;R$ 387.342,35
377º;Júnior Mano;162;R$ 382.421,62
378º;Luiz Carlos Motta;256;R$ 382.207,59
379º;Lucas Redecker;727;R$ 382.144,29
380º;Tiririca;197;R$ 379.921,32
381º;Júnior Ferrari;223;R$ 378.279,67
382º;Rosana Valle;526;R$ 374.498,87
383º;Lêda Borges;168;R$ 373.720,17
384º;Thiago de Joaldo;224;R$ 373.303,78
385º;Isnaldo Bulhões Jr.;344;R$ 371.526,54
386º;Flávia Morais;194;R$ 370.586,87
387º;Gutemberg Reis;620;R$ 369.531,90
388º;Pezenti;293;R$ 367.677,36
389º;Marcos Tavares;231;R$ 367.364,95
390º;Antonio Carlos Rodrigues;238;R$ 366.985,99
391º;Wilson Santiago;176;R$ 366.889,63
392º;Luiza Erundina;450;R$ 364.399,68
393º;Marcos Soares;367;R$ 362.912,30
394º;Gervásio Maia;510;R$ 361.293,92
395º;Luciano Bivar;188;R$ 360.977,13
396º;Bruno Ganem;144;R$ 360.440,30
397º;Fred Costa;457;R$ 360.098,16
398º;Junior Lourenço;149;R$ 360.072,86
399º;Márcio Honaiser;233;R$ 358.837,57
400º;Jeferson Rodrigues;79;R$ 356.950,74
401º;Amanda Gentil;114;R$ 356.900,76
402º;Zucco;401;R$ 350.007,91
403º;Mersinho Lucena;246;R$ 349.594,91
404º;Nikolas Ferreira;355;R$ 347.243,89
405º;Rosangela Moro;317;R$ 346.875,57
406º;Pedro Uczai;809;R$ 346.186,43
407º;Pastor Gil;192;R$ 343.291,75
408º;Eli Borges;315;R$ 342.908,26
409º;Delegada Adriana Accorsi;118;R$ 333.501,69
410º;Lindbergh Farias;254;R$ 326.225,59
411º;Helder Salomão;565;R$ 325.611,53
412º;Icaro de Valmir;266;R$ 324.712,86
413º;Nelson Barbudo;157;R$ 317.718,26
414º;Clarissa Tércio;173;R$ 317.698,17
415º;Geraldo Mendes;122;R$ 314.781,08
416º;Mário Heringer;107;R$ 313.154,87
417º;Renata Abreu;164;R$ 312.605,02
418º;Fábio Macedo;39;R$ 310.002,56
419º;Zé Neto;251;R$ 308.353,83
420º;Rui Falcão;234;R$ 306.366,60
421º;Baleia Rossi;253;R$ 303.645,64
422º;Miguel Lombardi;434;R$ 301.311,96
423º;Helio Lopes;330;R$ 299.231,45
424º;Elcione Barbalho;335;R$ 290.511,04
425º;Carlos Jordy;190;R$ 290.327,41
426º;José Priante;236;R$ 289.063,11
427º;Juarez Costa;176;R$ 278.221,40
428º;Carlos Chiodini;461;R$ 267.207,40
429º;Fábio Teruel;548;R$ 263.565,28
430º;Vicentinho Júnior;55;R$ 259.925,72
431º;Junio Amaral;379;R$ 245.191,31
432º;Yandra Moura;121;R$ 242.027,54
433º;Alexandre Leite;264;R$ 238.341,57
434º;Newton Cardoso Jr;172;R$ 236.373,31
435º;Robério Monteiro;62;R$ 234.495,72
436º;Geovania de Sá;288;R$ 233.628,98
437º;Hugo Leal;419;R$ 224.573,06
438º;Pastor Sargento Isidório;128;R$ 223.229,60
439º;Delegado Caveira;196;R$ 220.177,29
440º;Sargento Fahur;667;R$ 218.117,50
441º;Beto Preto;254;R$ 216.598,18
442º;Any Ortiz;422;R$ 210.689,19
443º;Marcelo Moraes;383;R$ 209.468,40
444º;Paulinho da Força;177;R$ 208.573,24
445º;Paulo Alexandre Barbosa;176;R$ 200.464,49
446º;Daniel Agrobom;181;R$ 200.320,97
447º;André Fernandes;121;R$ 197.095,07
448º;Soraya Santos;213;R$ 193.766,82
449º;Alex Manente;177;R$ 190.920,88
450º;Celso Russomanno;596;R$ 189.824,91
451º;Marcel van Hattem;498;R$ 167.733,00
452º;Hildo Rocha;120;R$ 159.732,75
453º;Caroline de Toni;249;R$ 149.641,97
454º;Gilson Marques;147;R$ 148.251,87
455º;Dr. Daniel Soranz;65;R$ 147.124,98
456º;Dr Flávio;98;R$ 141.071,14
457º;Silvio Antonio;14;R$ 139.255,27
458º;Kim Kataguiri;174;R$ 135.294,23
459º;Paulo Marinho Jr;35;R$ 127.110,79
460º;Delegado Bruno Lima;83;R$ 118.261,77
461º;Fausto Jr.;47;R$ 104.090,38
462º;Arthur Lira;170;R$ 77.606,00
463º;Fabio Reis;25;R$ 74.665,08
464º;Ricardo Guidi;177;R$ 71.385,06
465º;Danrlei de Deus Hinterholz;91;R$ 66.782,61
466º;Adriana Ventura;278;R$ 48.875,22
467º;Ricardo Abrão;5;R$ 19.246,03
468º;Ribamar Silva;6;R$ 16.327,91
469º;Marcio Alvino;113;R$ 12.820,35
470º;Amom Mandel;33;R$ 9.843,19
471º;Sérgio Brito;8;R$ 8.192,50
472º;Afonso Florence;1;R$ 1.469,95
473º;Guilherme Derrite;1;R$ 1.392,20
474º;Carlos Gomes;17;R$ 1.098,65
475º;Felipe Becari;2;R$ 152,44
476º;Celso Sabino;1;R$ -1.414,22
477º;Fabio Garcia;2;R$ -3.321,64
478º;Milton Vieira;4;R$ -5.683,46
479º;André Fufuca;6;R$ -6.056,39
