data_referencia,ano,mes,codigo_serie,ipca_alimentos_variacao_mensal_pct
1980-10-01,1980,10,PRECOS12_IPCAAB12,5.92
1980-11-01,1980,11,PRECOS12_IPCAAB12,10.97
1980-12-01,1980,12,PRECOS12_IPCAAB12,5.73
1981-01-01,1981,1,PRECOS12_IPCAAB12,6.41
1981-02-01,1981,2,PRECOS12_IPCAAB12,5.34
1981-03-01,1981,3,PRECOS12_IPCAAB12,5.66
1981-04-01,1981,4,PRECOS12_IPCAAB12,4.86
1981-05-01,1981,5,PRECOS12_IPCAAB12,5.27
1981-06-01,1981,6,PRECOS12_IPCAAB12,1.75
1981-07-01,1981,7,PRECOS12_IPCAAB12,3.64
1981-08-01,1981,8,PRECOS12_IPCAAB12,5.66
1981-09-01,1981,9,PRECOS12_IPCAAB12,8.16
1981-10-01,1981,10,PRECOS12_IPCAAB12,3.6
1981-11-01,1981,11,PRECOS12_IPCAAB12,4.54
1981-12-01,1981,12,PRECOS12_IPCAAB12,3.69
1982-01-01,1982,1,PRECOS12_IPCAAB12,9.11
1982-02-01,1982,2,PRECOS12_IPCAAB12,5.0
1982-03-01,1982,3,PRECOS12_IPCAAB12,5.21
1982-04-01,1982,4,PRECOS12_IPCAAB12,5.07
1982-05-01,1982,5,PRECOS12_IPCAAB12,6.11
1982-06-01,1982,6,PRECOS12_IPCAAB12,8.63
1982-07-01,1982,7,PRECOS12_IPCAAB12,8.36
1982-08-01,1982,8,PRECOS12_IPCAAB12,6.02
1982-09-01,1982,9,PRECOS12_IPCAAB12,3.27
1982-10-01,1982,10,PRECOS12_IPCAAB12,2.41
1982-11-01,1982,11,PRECOS12_IPCAAB12,4.04
1982-12-01,1982,12,PRECOS12_IPCAAB12,6.72
1983-01-01,1983,1,PRECOS12_IPCAAB12,13.17
1983-02-01,1983,2,PRECOS12_IPCAAB12,5.84
1983-03-01,1983,3,PRECOS12_IPCAAB12,10.23
1983-04-01,1983,4,PRECOS12_IPCAAB12,9.61
1983-05-01,1983,5,PRECOS12_IPCAAB12,5.61
1983-06-01,1983,6,PRECOS12_IPCAAB12,5.66
1983-07-01,1983,7,PRECOS12_IPCAAB12,17.51
1983-08-01,1983,8,PRECOS12_IPCAAB12,13.61
1983-09-01,1983,9,PRECOS12_IPCAAB12,10.94
1983-10-01,1983,10,PRECOS12_IPCAAB12,20.4
1983-11-01,1983,11,PRECOS12_IPCAAB12,4.74
1983-12-01,1983,12,PRECOS12_IPCAAB12,5.21
1984-01-01,1984,1,PRECOS12_IPCAAB12,9.95
1984-02-01,1984,2,PRECOS12_IPCAAB12,7.1
1984-03-01,1984,3,PRECOS12_IPCAAB12,10.19
1984-04-01,1984,4,PRECOS12_IPCAAB12,12.52
1984-05-01,1984,5,PRECOS12_IPCAAB12,8.39
1984-06-01,1984,6,PRECOS12_IPCAAB12,7.3
1984-07-01,1984,7,PRECOS12_IPCAAB12,9.07
1984-08-01,1984,8,PRECOS12_IPCAAB12,8.34
1984-09-01,1984,9,PRECOS12_IPCAAB12,11.84
1984-10-01,1984,10,PRECOS12_IPCAAB12,13.8
1984-11-01,1984,11,PRECOS12_IPCAAB12,8.24
1984-12-01,1984,12,PRECOS12_IPCAAB12,9.76
1985-01-01,1985,1,PRECOS12_IPCAAB12,13.5
1985-02-01,1985,2,PRECOS12_IPCAAB12,9.36
1985-03-01,1985,3,PRECOS12_IPCAAB12,11.48
1985-04-01,1985,4,PRECOS12_IPCAAB12,8.73
1985-05-01,1985,5,PRECOS12_IPCAAB12,5.16
1985-06-01,1985,6,PRECOS12_IPCAAB12,6.53
1985-07-01,1985,7,PRECOS12_IPCAAB12,10.86
1985-08-01,1985,8,PRECOS12_IPCAAB12,16.04
1985-09-01,1985,9,PRECOS12_IPCAAB12,12.17
1985-10-01,1985,10,PRECOS12_IPCAAB12,9.25
1985-11-01,1985,11,PRECOS12_IPCAAB12,11.5
1985-12-01,1985,12,PRECOS12_IPCAAB12,17.27
1986-01-01,1986,1,PRECOS12_IPCAAB12,17.2
1986-02-01,1986,2,PRECOS12_IPCAAB12,17.64
1986-03-01,1986,3,PRECOS12_IPCAAB12,-3.49
1986-04-01,1986,4,PRECOS12_IPCAAB12,-0.65
1986-05-01,1986,5,PRECOS12_IPCAAB12,0.15
1986-06-01,1986,6,PRECOS12_IPCAAB12,0.45
1986-07-01,1986,7,PRECOS12_IPCAAB12,0.06
1986-08-01,1986,8,PRECOS12_IPCAAB12,0.36
1986-09-01,1986,9,PRECOS12_IPCAAB12,0.31
1986-10-01,1986,10,PRECOS12_IPCAAB12,0.57
1986-11-01,1986,11,PRECOS12_IPCAAB12,3.51
1986-12-01,1986,12,PRECOS12_IPCAAB12,4.73
1987-01-01,1987,1,PRECOS12_IPCAAB12,17.6
1987-02-01,1987,2,PRECOS12_IPCAAB12,18.34
1987-03-01,1987,3,PRECOS12_IPCAAB12,10.23
1987-04-01,1987,4,PRECOS12_IPCAAB12,19.26
1987-05-01,1987,5,PRECOS12_IPCAAB12,22.03
1987-06-01,1987,6,PRECOS12_IPCAAB12,21.97
1987-07-01,1987,7,PRECOS12_IPCAAB12,9.77
1987-08-01,1987,8,PRECOS12_IPCAAB12,4.2
1987-09-01,1987,9,PRECOS12_IPCAAB12,5.73
1987-10-01,1987,10,PRECOS12_IPCAAB12,8.54
1987-11-01,1987,11,PRECOS12_IPCAAB12,15.13
1987-12-01,1987,12,PRECOS12_IPCAAB12,13.52
1988-01-01,1988,1,PRECOS12_IPCAAB12,17.34
1988-02-01,1988,2,PRECOS12_IPCAAB12,13.92
1988-03-01,1988,3,PRECOS12_IPCAAB12,19.24
1988-04-01,1988,4,PRECOS12_IPCAAB12,20.52
1988-05-01,1988,5,PRECOS12_IPCAAB12,17.24
1988-06-01,1988,6,PRECOS12_IPCAAB12,23.1
1988-07-01,1988,7,PRECOS12_IPCAAB12,26.41
1988-08-01,1988,8,PRECOS12_IPCAAB12,20.9
1988-09-01,1988,9,PRECOS12_IPCAAB12,29.6
1988-10-01,1988,10,PRECOS12_IPCAAB12,29.97
1988-11-01,1988,11,PRECOS12_IPCAAB12,29.96
1988-12-01,1988,12,PRECOS12_IPCAAB12,28.61
1989-01-01,1989,1,PRECOS12_IPCAAB12,34.98
1989-02-01,1989,2,PRECOS12_IPCAAB12,14.1
1989-03-01,1989,3,PRECOS12_IPCAAB12,2.76
1989-04-01,1989,4,PRECOS12_IPCAAB12,6.32
1989-05-01,1989,5,PRECOS12_IPCAAB12,21.72
1989-06-01,1989,6,PRECOS12_IPCAAB12,39.94
1989-07-01,1989,7,PRECOS12_IPCAAB12,24.81
1989-08-01,1989,8,PRECOS12_IPCAAB12,32.56
1989-09-01,1989,9,PRECOS12_IPCAAB12,29.39
1989-10-01,1989,10,PRECOS12_IPCAAB12,31.67
1989-11-01,1989,11,PRECOS12_IPCAAB12,46.76
1989-12-01,1989,12,PRECOS12_IPCAAB12,54.28
1990-01-01,1990,1,PRECOS12_IPCAAB12,73.6
1990-02-01,1990,2,PRECOS12_IPCAAB12,67.65
1990-03-01,1990,3,PRECOS12_IPCAAB12,90.23
1990-04-01,1990,4,PRECOS12_IPCAAB12,7.38
1990-05-01,1990,5,PRECOS12_IPCAAB12,3.33
1990-06-01,1990,6,PRECOS12_IPCAAB12,10.9
1990-07-01,1990,7,PRECOS12_IPCAAB12,14.86
1990-08-01,1990,8,PRECOS12_IPCAAB12,10.29
1990-09-01,1990,9,PRECOS12_IPCAAB12,15.01
1990-10-01,1990,10,PRECOS12_IPCAAB12,12.67
1990-11-01,1990,11,PRECOS12_IPCAAB12,15.79
1990-12-01,1990,12,PRECOS12_IPCAAB12,16.92
1991-01-01,1991,1,PRECOS12_IPCAAB12,21.94
1991-02-01,1991,2,PRECOS12_IPCAAB12,18.49
1991-03-01,1991,3,PRECOS12_IPCAAB12,3.87
1991-04-01,1991,4,PRECOS12_IPCAAB12,5.28
1991-05-01,1991,5,PRECOS12_IPCAAB12,4.6
1991-06-01,1991,6,PRECOS12_IPCAAB12,11.23
1991-07-01,1991,7,PRECOS12_IPCAAB12,12.79
1991-09-01,1991,9,PRECOS12_IPCAAB12,37.85
1991-10-01,1991,10,PRECOS12_IPCAAB12,25.61
1991-11-01,1991,11,PRECOS12_IPCAAB12,30.91
1991-12-01,1991,12,PRECOS12_IPCAAB12,21.66
1992-01-01,1992,1,PRECOS12_IPCAAB12,24.3
1992-02-01,1992,2,PRECOS12_IPCAAB12,24.68
1992-03-01,1992,3,PRECOS12_IPCAAB12,20.89
1992-04-01,1992,4,PRECOS12_IPCAAB12,18.91
1992-05-01,1992,5,PRECOS12_IPCAAB12,25.34
1992-06-01,1992,6,PRECOS12_IPCAAB12,20.57
1992-07-01,1992,7,PRECOS12_IPCAAB12,20.81
1992-08-01,1992,8,PRECOS12_IPCAAB12,22.93
1992-09-01,1992,9,PRECOS12_IPCAAB12,25.72
1992-10-01,1992,10,PRECOS12_IPCAAB12,26.93
1992-11-01,1992,11,PRECOS12_IPCAAB12,23.18
1992-12-01,1992,12,PRECOS12_IPCAAB12,27.42
1993-01-01,1993,1,PRECOS12_IPCAAB12,32.8
1993-02-01,1993,2,PRECOS12_IPCAAB12,23.92
1993-03-01,1993,3,PRECOS12_IPCAAB12,26.02
1993-04-01,1993,4,PRECOS12_IPCAAB12,27.92
1993-05-01,1993,5,PRECOS12_IPCAAB12,26.31
1993-06-01,1993,6,PRECOS12_IPCAAB12,29.7
1993-07-01,1993,7,PRECOS12_IPCAAB12,28.56
1993-08-01,1993,8,PRECOS12_IPCAAB12,33.5
1993-09-01,1993,9,PRECOS12_IPCAAB12,35.28
1993-10-01,1993,10,PRECOS12_IPCAAB12,33.78
1993-11-01,1993,11,PRECOS12_IPCAAB12,36.5
1993-12-01,1993,12,PRECOS12_IPCAAB12,39.37
1994-01-01,1994,1,PRECOS12_IPCAAB12,46.8
1994-02-01,1994,2,PRECOS12_IPCAAB12,40.4
1994-03-01,1994,3,PRECOS12_IPCAAB12,44.26
1994-04-01,1994,4,PRECOS12_IPCAAB12,43.19
1994-05-01,1994,5,PRECOS12_IPCAAB12,40.21
1994-06-01,1994,6,PRECOS12_IPCAAB12,52.15
1994-07-01,1994,7,PRECOS12_IPCAAB12,10.03
1994-08-01,1994,8,PRECOS12_IPCAAB12,1.45
1994-09-01,1994,9,PRECOS12_IPCAAB12,0.13
1994-10-01,1994,10,PRECOS12_IPCAAB12,4.79
1994-11-01,1994,11,PRECOS12_IPCAAB12,4.65
1994-12-01,1994,12,PRECOS12_IPCAAB12,0.96
1995-01-01,1995,1,PRECOS12_IPCAAB12,0.73
1995-02-01,1995,2,PRECOS12_IPCAAB12,-0.06
1995-03-01,1995,3,PRECOS12_IPCAAB12,1.44
1995-04-01,1995,4,PRECOS12_IPCAAB12,1.99
1995-05-01,1995,5,PRECOS12_IPCAAB12,0.51
1995-06-01,1995,6,PRECOS12_IPCAAB12,-0.25
1995-07-01,1995,7,PRECOS12_IPCAAB12,0.98
1995-08-01,1995,8,PRECOS12_IPCAAB12,0.57
1995-09-01,1995,9,PRECOS12_IPCAAB12,-0.03
1995-10-01,1995,10,PRECOS12_IPCAAB12,0.32
1995-11-01,1995,11,PRECOS12_IPCAAB12,1.07
1995-12-01,1995,12,PRECOS12_IPCAAB12,0.86
1996-01-01,1996,1,PRECOS12_IPCAAB12,1.28
1996-02-01,1996,2,PRECOS12_IPCAAB12,0.11
1996-03-01,1996,3,PRECOS12_IPCAAB12,-0.02
1996-04-01,1996,4,PRECOS12_IPCAAB12,0.5
1996-05-01,1996,5,PRECOS12_IPCAAB12,0.67
1996-06-01,1996,6,PRECOS12_IPCAAB12,0.67
1996-07-01,1996,7,PRECOS12_IPCAAB12,0.52
1996-08-01,1996,8,PRECOS12_IPCAAB12,-0.68
1996-09-01,1996,9,PRECOS12_IPCAAB12,-0.58
1996-10-01,1996,10,PRECOS12_IPCAAB12,0.11
1996-11-01,1996,11,PRECOS12_IPCAAB12,-0.37
1996-12-01,1996,12,PRECOS12_IPCAAB12,-0.48
1997-01-01,1997,1,PRECOS12_IPCAAB12,0.97
1997-02-01,1997,2,PRECOS12_IPCAAB12,0.72
1997-03-01,1997,3,PRECOS12_IPCAAB12,1.22
1997-04-01,1997,4,PRECOS12_IPCAAB12,-0.16
1997-05-01,1997,5,PRECOS12_IPCAAB12,-0.92
1997-06-01,1997,6,PRECOS12_IPCAAB12,-0.34
1997-07-01,1997,7,PRECOS12_IPCAAB12,-0.52
1997-08-01,1997,8,PRECOS12_IPCAAB12,-0.57
1997-09-01,1997,9,PRECOS12_IPCAAB12,-0.21
1997-10-01,1997,10,PRECOS12_IPCAAB12,0.27
1997-11-01,1997,11,PRECOS12_IPCAAB12,0.17
1997-12-01,1997,12,PRECOS12_IPCAAB12,0.59
1998-01-01,1998,1,PRECOS12_IPCAAB12,1.24
1998-02-01,1998,2,PRECOS12_IPCAAB12,0.62
1998-03-01,1998,3,PRECOS12_IPCAAB12,0.79
1998-04-01,1998,4,PRECOS12_IPCAAB12,0.85
1998-05-01,1998,5,PRECOS12_IPCAAB12,1.38
1998-06-01,1998,6,PRECOS12_IPCAAB12,0.13
1998-07-01,1998,7,PRECOS12_IPCAAB12,-0.99
1998-08-01,1998,8,PRECOS12_IPCAAB12,-1.2
1998-09-01,1998,9,PRECOS12_IPCAAB12,-0.47
1998-10-01,1998,10,PRECOS12_IPCAAB12,-0.02
1998-11-01,1998,11,PRECOS12_IPCAAB12,-0.46
1998-12-01,1998,12,PRECOS12_IPCAAB12,0.1
1999-01-01,1999,1,PRECOS12_IPCAAB12,0.9
1999-02-01,1999,2,PRECOS12_IPCAAB12,2.71
1999-03-01,1999,3,PRECOS12_IPCAAB12,2.01
1999-04-01,1999,4,PRECOS12_IPCAAB12,-0.23
1999-05-01,1999,5,PRECOS12_IPCAAB12,-0.95
1999-06-01,1999,6,PRECOS12_IPCAAB12,-1.28
1999-07-01,1999,7,PRECOS12_IPCAAB12,-0.24
1999-08-01,1999,8,PRECOS12_IPCAAB12,0.13
1999-09-01,1999,9,PRECOS12_IPCAAB12,0.34
1999-10-01,1999,10,PRECOS12_IPCAAB12,1.77
1999-11-01,1999,11,PRECOS12_IPCAAB12,1.35
1999-12-01,1999,12,PRECOS12_IPCAAB12,1.41
2000-01-01,2000,1,PRECOS12_IPCAAB12,0.84
2000-02-01,2000,2,PRECOS12_IPCAAB12,-0.25
2000-03-01,2000,3,PRECOS12_IPCAAB12,-0.46
2000-04-01,2000,4,PRECOS12_IPCAAB12,-0.36
2000-05-01,2000,5,PRECOS12_IPCAAB12,-0.67
2000-06-01,2000,6,PRECOS12_IPCAAB12,0.11
2000-07-01,2000,7,PRECOS12_IPCAAB12,1.78
2000-08-01,2000,8,PRECOS12_IPCAAB12,2.07
2000-09-01,2000,9,PRECOS12_IPCAAB12,0.53
2000-10-01,2000,10,PRECOS12_IPCAAB12,0.16
2000-11-01,2000,11,PRECOS12_IPCAAB12,-0.07
2000-12-01,2000,12,PRECOS12_IPCAAB12,-0.48
2001-01-01,2001,1,PRECOS12_IPCAAB12,0.63
2001-02-01,2001,2,PRECOS12_IPCAAB12,0.05
2001-03-01,2001,3,PRECOS12_IPCAAB12,1.17
2001-04-01,2001,4,PRECOS12_IPCAAB12,1.8
2001-05-01,2001,5,PRECOS12_IPCAAB12,0.58
2001-06-01,2001,6,PRECOS12_IPCAAB12,0.1
2001-07-01,2001,7,PRECOS12_IPCAAB12,0.67
2001-08-01,2001,8,PRECOS12_IPCAAB12,0.83
2001-09-01,2001,9,PRECOS12_IPCAAB12,0.39
2001-10-01,2001,10,PRECOS12_IPCAAB12,1.15
2001-11-01,2001,11,PRECOS12_IPCAAB12,1.31
2001-12-01,2001,12,PRECOS12_IPCAAB12,0.56
2002-01-01,2002,1,PRECOS12_IPCAAB12,0.85
2002-02-01,2002,2,PRECOS12_IPCAAB12,0.2
2002-03-01,2002,3,PRECOS12_IPCAAB12,0.39
2002-04-01,2002,4,PRECOS12_IPCAAB12,-0.32
2002-05-01,2002,5,PRECOS12_IPCAAB12,-0.59
2002-06-01,2002,6,PRECOS12_IPCAAB12,0.08
2002-07-01,2002,7,PRECOS12_IPCAAB12,1.05
2002-08-01,2002,8,PRECOS12_IPCAAB12,1.94
2002-09-01,2002,9,PRECOS12_IPCAAB12,1.96
2002-10-01,2002,10,PRECOS12_IPCAAB12,2.79
2002-11-01,2002,11,PRECOS12_IPCAAB12,5.85
2002-12-01,2002,12,PRECOS12_IPCAAB12,3.91
2003-01-01,2003,1,PRECOS12_IPCAAB12,2.15
2003-02-01,2003,2,PRECOS12_IPCAAB12,1.22
2003-03-01,2003,3,PRECOS12_IPCAAB12,1.66
2003-04-01,2003,4,PRECOS12_IPCAAB12,1.01
2003-05-01,2003,5,PRECOS12_IPCAAB12,0.63
2003-06-01,2003,6,PRECOS12_IPCAAB12,-0.34
2003-07-01,2003,7,PRECOS12_IPCAAB12,-0.67
2003-08-01,2003,8,PRECOS12_IPCAAB12,-0.27
2003-09-01,2003,9,PRECOS12_IPCAAB12,0.78
2003-10-01,2003,10,PRECOS12_IPCAAB12,0.46
2003-11-01,2003,11,PRECOS12_IPCAAB12,0.25
2003-12-01,2003,12,PRECOS12_IPCAAB12,0.39
2004-01-01,2004,1,PRECOS12_IPCAAB12,0.88
2004-02-01,2004,2,PRECOS12_IPCAAB12,0.15
2004-03-01,2004,3,PRECOS12_IPCAAB12,0.43
2004-04-01,2004,4,PRECOS12_IPCAAB12,-0.34
2004-05-01,2004,5,PRECOS12_IPCAAB12,0.23
2004-06-01,2004,6,PRECOS12_IPCAAB12,0.72
2004-07-01,2004,7,PRECOS12_IPCAAB12,0.67
2004-08-01,2004,8,PRECOS12_IPCAAB12,0.85
2004-09-01,2004,9,PRECOS12_IPCAAB12,-0.19
2004-10-01,2004,10,PRECOS12_IPCAAB12,-0.23
2004-11-01,2004,11,PRECOS12_IPCAAB12,-0.01
2004-12-01,2004,12,PRECOS12_IPCAAB12,0.65
2005-01-01,2005,1,PRECOS12_IPCAAB12,0.78
2005-02-01,2005,2,PRECOS12_IPCAAB12,0.49
2005-03-01,2005,3,PRECOS12_IPCAAB12,0.26
2005-04-01,2005,4,PRECOS12_IPCAAB12,0.81
2005-05-01,2005,5,PRECOS12_IPCAAB12,0.65
2005-06-01,2005,6,PRECOS12_IPCAAB12,-0.67
2005-07-01,2005,7,PRECOS12_IPCAAB12,-0.77
2005-08-01,2005,8,PRECOS12_IPCAAB12,-0.73
2005-09-01,2005,9,PRECOS12_IPCAAB12,-0.25
2005-10-01,2005,10,PRECOS12_IPCAAB12,0.27
2005-11-01,2005,11,PRECOS12_IPCAAB12,0.88
2005-12-01,2005,12,PRECOS12_IPCAAB12,0.27
2006-01-01,2006,1,PRECOS12_IPCAAB12,0.11
2006-02-01,2006,2,PRECOS12_IPCAAB12,-0.28
2006-03-01,2006,3,PRECOS12_IPCAAB12,-0.24
2006-04-01,2006,4,PRECOS12_IPCAAB12,-0.27
2006-05-01,2006,5,PRECOS12_IPCAAB12,-0.03
2006-06-01,2006,6,PRECOS12_IPCAAB12,-0.61
2006-07-01,2006,7,PRECOS12_IPCAAB12,0.09
2006-08-01,2006,8,PRECOS12_IPCAAB12,0.07
2006-09-01,2006,9,PRECOS12_IPCAAB12,0.08
2006-10-01,2006,10,PRECOS12_IPCAAB12,0.88
2006-11-01,2006,11,PRECOS12_IPCAAB12,1.05
2006-12-01,2006,12,PRECOS12_IPCAAB12,0.39
2007-01-01,2007,1,PRECOS12_IPCAAB12,0.84
2007-02-01,2007,2,PRECOS12_IPCAAB12,0.78
2007-03-01,2007,3,PRECOS12_IPCAAB12,0.98
2007-04-01,2007,4,PRECOS12_IPCAAB12,0.03
2007-05-01,2007,5,PRECOS12_IPCAAB12,0.16
2007-06-01,2007,6,PRECOS12_IPCAAB12,1.09
2007-07-01,2007,7,PRECOS12_IPCAAB12,1.27
2007-08-01,2007,8,PRECOS12_IPCAAB12,1.39
2007-09-01,2007,9,PRECOS12_IPCAAB12,0.44
2007-10-01,2007,10,PRECOS12_IPCAAB12,0.52
2007-11-01,2007,11,PRECOS12_IPCAAB12,0.73
2007-12-01,2007,12,PRECOS12_IPCAAB12,2.06
2008-01-01,2008,1,PRECOS12_IPCAAB12,1.52
2008-02-01,2008,2,PRECOS12_IPCAAB12,0.6
2008-03-01,2008,3,PRECOS12_IPCAAB12,0.89
2008-04-01,2008,4,PRECOS12_IPCAAB12,1.29
2008-05-01,2008,5,PRECOS12_IPCAAB12,1.95
2008-06-01,2008,6,PRECOS12_IPCAAB12,2.11
2008-07-01,2008,7,PRECOS12_IPCAAB12,1.05
2008-08-01,2008,8,PRECOS12_IPCAAB12,-0.18
2008-09-01,2008,9,PRECOS12_IPCAAB12,-0.27
2008-10-01,2008,10,PRECOS12_IPCAAB12,0.69
2008-11-01,2008,11,PRECOS12_IPCAAB12,0.61
2008-12-01,2008,12,PRECOS12_IPCAAB12,0.36
2009-01-01,2009,1,PRECOS12_IPCAAB12,0.75
2009-02-01,2009,2,PRECOS12_IPCAAB12,0.27
2009-03-01,2009,3,PRECOS12_IPCAAB12,0.3
2009-04-01,2009,4,PRECOS12_IPCAAB12,0.15
2009-05-01,2009,5,PRECOS12_IPCAAB12,0.44
2009-06-01,2009,6,PRECOS12_IPCAAB12,0.7
2009-07-01,2009,7,PRECOS12_IPCAAB12,-0.06
2009-08-01,2009,8,PRECOS12_IPCAAB12,-0.01
2009-09-01,2009,9,PRECOS12_IPCAAB12,-0.14
2009-10-01,2009,10,PRECOS12_IPCAAB12,-0.09
2009-11-01,2009,11,PRECOS12_IPCAAB12,0.58
2009-12-01,2009,12,PRECOS12_IPCAAB12,0.24
2010-01-01,2010,1,PRECOS12_IPCAAB12,1.13
2010-02-01,2010,2,PRECOS12_IPCAAB12,0.96
2010-03-01,2010,3,PRECOS12_IPCAAB12,1.55
2010-04-01,2010,4,PRECOS12_IPCAAB12,1.45
2010-05-01,2010,5,PRECOS12_IPCAAB12,0.28
2010-06-01,2010,6,PRECOS12_IPCAAB12,-0.9
2010-07-01,2010,7,PRECOS12_IPCAAB12,-0.76
2010-08-01,2010,8,PRECOS12_IPCAAB12,-0.24
2010-09-01,2010,9,PRECOS12_IPCAAB12,1.08
2010-10-01,2010,10,PRECOS12_IPCAAB12,1.89
2010-11-01,2010,11,PRECOS12_IPCAAB12,2.22
2010-12-01,2010,12,PRECOS12_IPCAAB12,1.32
2011-01-01,2011,1,PRECOS12_IPCAAB12,1.16
2011-02-01,2011,2,PRECOS12_IPCAAB12,0.23
2011-03-01,2011,3,PRECOS12_IPCAAB12,0.75
2011-04-01,2011,4,PRECOS12_IPCAAB12,0.58
2011-05-01,2011,5,PRECOS12_IPCAAB12,0.63
2011-06-01,2011,6,PRECOS12_IPCAAB12,-0.26
2011-07-01,2011,7,PRECOS12_IPCAAB12,-0.34
2011-08-01,2011,8,PRECOS12_IPCAAB12,0.72
2011-09-01,2011,9,PRECOS12_IPCAAB12,0.64
2011-10-01,2011,10,PRECOS12_IPCAAB12,0.56
2011-11-01,2011,11,PRECOS12_IPCAAB12,1.08
2011-12-01,2011,12,PRECOS12_IPCAAB12,1.23
2012-01-01,2012,1,PRECOS12_IPCAAB12,0.86
2012-02-01,2012,2,PRECOS12_IPCAAB12,0.19
2012-03-01,2012,3,PRECOS12_IPCAAB12,0.25
2012-04-01,2012,4,PRECOS12_IPCAAB12,0.51
2012-05-01,2012,5,PRECOS12_IPCAAB12,0.73
2012-06-01,2012,6,PRECOS12_IPCAAB12,0.68
2012-07-01,2012,7,PRECOS12_IPCAAB12,0.91
2012-08-01,2012,8,PRECOS12_IPCAAB12,0.88
2012-09-01,2012,9,PRECOS12_IPCAAB12,1.26
2012-10-01,2012,10,PRECOS12_IPCAAB12,1.36
2012-11-01,2012,11,PRECOS12_IPCAAB12,0.79
2012-12-01,2012,12,PRECOS12_IPCAAB12,1.03
2013-01-01,2013,1,PRECOS12_IPCAAB12,1.99
2013-02-01,2013,2,PRECOS12_IPCAAB12,1.45
2013-03-01,2013,3,PRECOS12_IPCAAB12,1.14
2013-04-01,2013,4,PRECOS12_IPCAAB12,0.96
2013-05-01,2013,5,PRECOS12_IPCAAB12,0.31
2013-06-01,2013,6,PRECOS12_IPCAAB12,0.04
2013-07-01,2013,7,PRECOS12_IPCAAB12,-0.33
2013-08-01,2013,8,PRECOS12_IPCAAB12,0.01
2013-09-01,2013,9,PRECOS12_IPCAAB12,0.14
2013-10-01,2013,10,PRECOS12_IPCAAB12,1.03
2013-11-01,2013,11,PRECOS12_IPCAAB12,0.56
2013-12-01,2013,12,PRECOS12_IPCAAB12,0.89
2014-01-01,2014,1,PRECOS12_IPCAAB12,0.84
2014-02-01,2014,2,PRECOS12_IPCAAB12,0.56
2014-03-01,2014,3,PRECOS12_IPCAAB12,1.92
2014-04-01,2014,4,PRECOS12_IPCAAB12,1.19
2014-05-01,2014,5,PRECOS12_IPCAAB12,0.58
2014-06-01,2014,6,PRECOS12_IPCAAB12,-0.11
2014-07-01,2014,7,PRECOS12_IPCAAB12,-0.15
2014-08-01,2014,8,PRECOS12_IPCAAB12,-0.15
2014-09-01,2014,9,PRECOS12_IPCAAB12,0.78
2014-10-01,2014,10,PRECOS12_IPCAAB12,0.46
2014-11-01,2014,11,PRECOS12_IPCAAB12,0.77
2014-12-01,2014,12,PRECOS12_IPCAAB12,1.08
2015-01-01,2015,1,PRECOS12_IPCAAB12,1.48
2015-02-01,2015,2,PRECOS12_IPCAAB12,0.81
2015-03-01,2015,3,PRECOS12_IPCAAB12,1.17
2015-04-01,2015,4,PRECOS12_IPCAAB12,0.97
2015-05-01,2015,5,PRECOS12_IPCAAB12,1.37
2015-06-01,2015,6,PRECOS12_IPCAAB12,0.63
2015-07-01,2015,7,PRECOS12_IPCAAB12,0.65
2015-08-01,2015,8,PRECOS12_IPCAAB12,-0.01
2015-09-01,2015,9,PRECOS12_IPCAAB12,0.24
2015-10-01,2015,10,PRECOS12_IPCAAB12,0.77
2015-11-01,2015,11,PRECOS12_IPCAAB12,1.83
2015-12-01,2015,12,PRECOS12_IPCAAB12,1.5
2016-01-01,2016,1,PRECOS12_IPCAAB12,2.28
2016-02-01,2016,2,PRECOS12_IPCAAB12,1.06
2016-03-01,2016,3,PRECOS12_IPCAAB12,1.24
2016-04-01,2016,4,PRECOS12_IPCAAB12,1.09
2016-05-01,2016,5,PRECOS12_IPCAAB12,0.78
2016-06-01,2016,6,PRECOS12_IPCAAB12,0.71
2016-07-01,2016,7,PRECOS12_IPCAAB12,1.32
2016-08-01,2016,8,PRECOS12_IPCAAB12,0.3
2016-09-01,2016,9,PRECOS12_IPCAAB12,-0.29
2016-10-01,2016,10,PRECOS12_IPCAAB12,-0.05
2016-11-01,2016,11,PRECOS12_IPCAAB12,-0.2
2016-12-01,2016,12,PRECOS12_IPCAAB12,0.08
2017-01-01,2017,1,PRECOS12_IPCAAB12,0.35
2017-02-01,2017,2,PRECOS12_IPCAAB12,-0.45
2017-03-01,2017,3,PRECOS12_IPCAAB12,0.34
2017-04-01,2017,4,PRECOS12_IPCAAB12,0.58
2017-05-01,2017,5,PRECOS12_IPCAAB12,-0.35
2017-06-01,2017,6,PRECOS12_IPCAAB12,-0.5
2017-07-01,2017,7,PRECOS12_IPCAAB12,-0.47
2017-08-01,2017,8,PRECOS12_IPCAAB12,-1.07
2017-09-01,2017,9,PRECOS12_IPCAAB12,-0.41
2017-10-01,2017,10,PRECOS12_IPCAAB12,-0.05
2017-11-01,2017,11,PRECOS12_IPCAAB12,-0.38
2017-12-01,2017,12,PRECOS12_IPCAAB12,0.54
2018-01-01,2018,1,PRECOS12_IPCAAB12,0.74
2018-02-01,2018,2,PRECOS12_IPCAAB12,-0.33
2018-03-01,2018,3,PRECOS12_IPCAAB12,0.07
2018-04-01,2018,4,PRECOS12_IPCAAB12,0.09
2018-05-01,2018,5,PRECOS12_IPCAAB12,0.32
2018-06-01,2018,6,PRECOS12_IPCAAB12,2.03
2018-07-01,2018,7,PRECOS12_IPCAAB12,-0.12
2018-08-01,2018,8,PRECOS12_IPCAAB12,-0.34
2018-09-01,2018,9,PRECOS12_IPCAAB12,0.1
2018-10-01,2018,10,PRECOS12_IPCAAB12,0.59
2018-11-01,2018,11,PRECOS12_IPCAAB12,0.39
2018-12-01,2018,12,PRECOS12_IPCAAB12,0.44
2019-01-01,2019,1,PRECOS12_IPCAAB12,0.9
2019-02-01,2019,2,PRECOS12_IPCAAB12,0.78
2019-03-01,2019,3,PRECOS12_IPCAAB12,1.37
2019-04-01,2019,4,PRECOS12_IPCAAB12,0.63
2019-05-01,2019,5,PRECOS12_IPCAAB12,-0.56
2019-06-01,2019,6,PRECOS12_IPCAAB12,-0.25
2019-07-01,2019,7,PRECOS12_IPCAAB12,0.01
2019-08-01,2019,8,PRECOS12_IPCAAB12,-0.35
2019-09-01,2019,9,PRECOS12_IPCAAB12,-0.43
2019-10-01,2019,10,PRECOS12_IPCAAB12,0.05
2019-11-01,2019,11,PRECOS12_IPCAAB12,0.72
2019-12-01,2019,12,PRECOS12_IPCAAB12,3.38
2020-01-01,2020,1,PRECOS12_IPCAAB12,0.39
2020-02-01,2020,2,PRECOS12_IPCAAB12,0.11
2020-03-01,2020,3,PRECOS12_IPCAAB12,1.13
2020-04-01,2020,4,PRECOS12_IPCAAB12,1.79
2020-05-01,2020,5,PRECOS12_IPCAAB12,0.24
2020-06-01,2020,6,PRECOS12_IPCAAB12,0.38
2020-07-01,2020,7,PRECOS12_IPCAAB12,0.01
2020-08-01,2020,8,PRECOS12_IPCAAB12,0.78
2020-09-01,2020,9,PRECOS12_IPCAAB12,2.28
2020-10-01,2020,10,PRECOS12_IPCAAB12,1.93
2020-11-01,2020,11,PRECOS12_IPCAAB12,2.54
2020-12-01,2020,12,PRECOS12_IPCAAB12,1.74
2021-01-01,2021,1,PRECOS12_IPCAAB12,1.02
2021-02-01,2021,2,PRECOS12_IPCAAB12,0.27
2021-03-01,2021,3,PRECOS12_IPCAAB12,0.13
2021-04-01,2021,4,PRECOS12_IPCAAB12,0.4
2021-05-01,2021,5,PRECOS12_IPCAAB12,0.44
2021-06-01,2021,6,PRECOS12_IPCAAB12,0.43
2021-07-01,2021,7,PRECOS12_IPCAAB12,0.6
2021-08-01,2021,8,PRECOS12_IPCAAB12,1.39
2021-09-01,2021,9,PRECOS12_IPCAAB12,1.02
2021-10-01,2021,10,PRECOS12_IPCAAB12,1.17
2021-11-01,2021,11,PRECOS12_IPCAAB12,-0.04
2021-12-01,2021,12,PRECOS12_IPCAAB12,0.84
2022-01-01,2022,1,PRECOS12_IPCAAB12,1.11
2022-02-01,2022,2,PRECOS12_IPCAAB12,1.28
2022-03-01,2022,3,PRECOS12_IPCAAB12,2.42
2022-04-01,2022,4,PRECOS12_IPCAAB12,2.06
2022-05-01,2022,5,PRECOS12_IPCAAB12,0.48
2022-06-01,2022,6,PRECOS12_IPCAAB12,0.8
2022-07-01,2022,7,PRECOS12_IPCAAB12,1.3
2022-08-01,2022,8,PRECOS12_IPCAAB12,0.24
2022-09-01,2022,9,PRECOS12_IPCAAB12,-0.51
2022-10-01,2022,10,PRECOS12_IPCAAB12,0.72
2022-11-01,2022,11,PRECOS12_IPCAAB12,0.53
2022-12-01,2022,12,PRECOS12_IPCAAB12,0.66
2023-01-01,2023,1,PRECOS12_IPCAAB12,0.59
2023-02-01,2023,2,PRECOS12_IPCAAB12,0.16
2023-03-01,2023,3,PRECOS12_IPCAAB12,0.05
2023-04-01,2023,4,PRECOS12_IPCAAB12,0.71
2023-05-01,2023,5,PRECOS12_IPCAAB12,0.16
2023-06-01,2023,6,PRECOS12_IPCAAB12,-0.66
2023-07-01,2023,7,PRECOS12_IPCAAB12,-0.46
2023-08-01,2023,8,PRECOS12_IPCAAB12,-0.85
2023-09-01,2023,9,PRECOS12_IPCAAB12,-0.71
2023-10-01,2023,10,PRECOS12_IPCAAB12,0.31
2023-11-01,2023,11,PRECOS12_IPCAAB12,0.63
2023-12-01,2023,12,PRECOS12_IPCAAB12,1.11
2024-01-01,2024,1,PRECOS12_IPCAAB12,1.38
2024-02-01,2024,2,PRECOS12_IPCAAB12,0.95
2024-03-01,2024,3,PRECOS12_IPCAAB12,0.53
2024-04-01,2024,4,PRECOS12_IPCAAB12,0.7
2024-05-01,2024,5,PRECOS12_IPCAAB12,0.62
2024-06-01,2024,6,PRECOS12_IPCAAB12,0.44
2024-07-01,2024,7,PRECOS12_IPCAAB12,-1.0
2024-08-01,2024,8,PRECOS12_IPCAAB12,-0.44
2024-09-01,2024,9,PRECOS12_IPCAAB12,0.5
2024-10-01,2024,10,PRECOS12_IPCAAB12,1.06
2024-11-01,2024,11,PRECOS12_IPCAAB12,1.55
2024-12-01,2024,12,PRECOS12_IPCAAB12,1.18
2025-01-01,2025,1,PRECOS12_IPCAAB12,0.96
2025-02-01,2025,2,PRECOS12_IPCAAB12,0.7
2025-03-01,2025,3,PRECOS12_IPCAAB12,1.17
2025-04-01,2025,4,PRECOS12_IPCAAB12,0.82
2025-05-01,2025,5,PRECOS12_IPCAAB12,0.17
2025-06-01,2025,6,PRECOS12_IPCAAB12,-0.18
2025-07-01,2025,7,PRECOS12_IPCAAB12,-0.27
2025-08-01,2025,8,PRECOS12_IPCAAB12,-0.46
2025-09-01,2025,9,PRECOS12_IPCAAB12,-0.26
2025-10-01,2025,10,PRECOS12_IPCAAB12,0.01
2025-11-01,2025,11,PRECOS12_IPCAAB12,-0.01
2025-12-01,2025,12,PRECOS12_IPCAAB12,0.27
2026-01-01,2026,1,PRECOS12_IPCAAB12,0.23
2026-02-01,2026,2,PRECOS12_IPCAAB12,0.26
2026-03-01,2026,3,PRECOS12_IPCAAB12,1.56
2026-04-01,2026,4,PRECOS12_IPCAAB12,1.34
