data_iniSE,SE,casos_est,casos_est_min,casos_est_max,casos,p_rt1,p_inc100k,Localidade_id,nivel,id,versao_modelo,municipio_nome,tweet,Rt,pop,tempmin,umidmax,receptivo,transmissao,nivel_inc,umidmed,umidmin,tempmed,tempmax,casprov,casprov_est,casprov_est_min,casprov_est_max,casconf,notif_accum_year
2026-03-29,202613,155,100,578,93,8.71E-05,39.87795,0,1,350600320261320552,2026-04-09,Bauru,,0.6793178,388686,20.15605,89.87121667,0,0,1,74.95465,56.58668333,24.03255,28.45601667,93,,,,,57953
2026-03-22,202612,274,262,315,261,0.99921584,70.49392,0,1,350600320261220552,2026-04-09,Bauru,,1.3366888,388686,20.82162857,89.13902857,0,1,1,73.4948,56.28092857,24.86352857,29.1652,219,,,,,57953
2026-03-15,202611,243,237,258,237,0.9975393,62.51833,0,1,350600320261120552,2026-04-09,Bauru,,1.3137218,388686,20.15781429,91.79351429,0,1,1,76.95868571,57.98921429,24.49268571,29.07382857,28,,,,,57953
2026-03-08,202610,187,183,196,183,0.7958948,48.110813,0,1,350600320261020552,2026-04-09,Bauru,,1.0912427,388686,19.64718571,95.56615714,0,0,1,85.18658571,69.70808571,22.5447,25.845,15,,,,,57953
2026-03-01,202609,196,194,203,194,0.95611715,50.426308,0,1,350600320260920552,2026-04-09,Bauru,,1.1974583,388686,18.5167,87.37581429,0,1,1,66.79721429,47.41138571,23.46012857,28.85581429,7,,,,,57953
2026-02-22,202608,159,158,164,158,0.5325494,40.907055,0,1,350600320260820552,2026-04-09,Bauru,,1.0092119,388686,20.662,91.22118571,0,0,1,79.62321429,63.9621,23.70431429,27.55388571,8,,,,,57953
2026-02-15,202607,171,171,174,171,0.8651223,43.99438,0,1,350600320260720552,2026-04-09,Bauru,,1.1307938,388686,21.97621429,89.9044,0,0,1,72.88332857,54.63958571,26.16001429,30.50952857,7,,,,,57953
2026-02-08,202606,154,154,155,154,0.6142245,39.62067,0,1,350600320260620552,2026-04-09,Bauru,,1.0338802,388686,20.86962857,94.5569,1,0,1,84.6876,69.01775714,23.37861429,26.83285714,7,,,,,57953
2026-02-01,202605,158,158,159,158,0.5214256,40.64978,0,1,350600320260520552,2026-04-09,Bauru,,1.0060648,388686,21.02721429,95.62525714,1,0,1,85.33251429,72.3383,23.66307143,26.99547143,9,,,,,57953
2026-01-25,202604,133,133,133,133,0.050919868,34.217854,0,1,350600320260420552,2026-04-09,Bauru,,0.8261384,388686,20.41324286,93.71808571,0,0,1,76.49265714,58.76202857,24.6754,29.21341429,8,,,,,57953
2026-01-18,202603,161,161,161,161,0.7514501,41.42161,0,1,350600320260320552,2026-04-09,Bauru,,1.0800998,388686,18.64294286,85.73187143,0,0,1,72.55698571,58.25424286,22.30498571,26.42774286,17,,,,,57953
2026-01-11,202602,180,180,180,180,0.9928823,46.309875,0,1,350600320260220552,2026-04-09,Bauru,,1.3185233,388686,20.88657143,94.07598571,1,1,1,77.86371429,57.44267143,24.72527143,29.09477143,12,,,,,57953
2026-01-04,202601,148,148,148,148,0.753899,38.077007,0,1,350600320260120552,2026-04-09,Bauru,,1.0847628,388686,20.76534286,84.76098571,0,0,1,67.39705714,50.48682857,25.2552,30.2104,4,,,,,57953
2025-12-28,202553,122,122,122,122,0.08430635,31.387804,0,1,350600320255320552,2026-04-09,Bauru,,0.8447454,388686,22.30507143,95.33522857,1,0,1,77.10482857,55.76498571,26.33645714,31.2071,8,,,,,57953
2025-12-21,202552,141,141,141,141,0.11999911,36.27607,0,1,350600320255220552,2026-04-09,Bauru,,0.87362415,388686,21.89587143,84.99582857,0,0,1,63.77257143,46.33054286,27.07472857,31.88847143,17,,,,,57953
2025-12-14,202551,139,139,139,139,0.011286584,35.761513,0,1,350600320255120552,2026-04-09,Bauru,,0.7739506,388686,20.39122857,90.0956,0,0,1,78.71445714,65.46504286,23.47192857,27.22535714,9,,,,,57953
2025-12-07,202550,150,150,150,150,0.023602134,38.591564,0,1,350600320255020552,2026-04-09,Bauru,,0.80510116,388686,21.12647143,89.13391429,0,0,1,74.66318571,59.54618571,24.44467143,28.5186,12,,,,,57953
2025-11-30,202549,207,207,207,207,0.7409953,53.256355,0,1,350600320254920552,2026-04-09,Bauru,,1.0666311,388686,21.12031429,84.33478571,0,0,1,62.88354286,41.63934286,26.12461429,31.77818571,13,,,,,57953
2025-11-23,202548,173,173,173,173,0.06059558,44.508934,0,1,350600320254820552,2026-04-09,Bauru,,0.85220677,388686,17.5958,85.23188571,0,0,1,63.28515714,41.44404286,23.01294286,28.77518571,10,,,,,57953
2025-11-16,202547,192,192,192,192,0.31663278,49.3972,0,1,350600320254720552,2026-04-09,Bauru,,0.953072,388686,18.72434286,83.61925714,0,0,1,66.2775,44.91357143,23.47081429,28.81608571,13,,,,,57953
2025-11-09,202546,217,217,217,217,0.86319196,55.82913,0,1,350600320254620552,2026-04-09,Bauru,,1.1138973,388686,17.9183,80.30107143,0,0,1,62.52718571,44.94787143,23.16434286,28.70178571,13,,,,,57953
2025-11-02,202545,205,205,205,205,0.69893104,52.741802,0,1,350600320254520552,2026-04-09,Bauru,,1.0534959,388686,19.8455,92.72755714,0,0,1,75.74451429,58.3172,23.86538571,28.37164286,17,,,,,57953
2025-10-26,202544,188,188,188,188,0.31714898,48.36809,0,1,350600320254420552,2026-04-09,Bauru,,0.95273304,388686,18.98194286,85.47045714,0,0,1,70.07354286,51.95148571,23.41321429,28.07378571,13,,,,,57953
2025-10-19,202543,192,192,192,192,0.4980333,49.3972,0,1,350600320254320552,2026-04-09,Bauru,,0.9994976,388686,14.76407143,75.52288571,0,0,1,50.63125714,30.7408,20.52228571,26.7891,12,,,,,57953
2025-10-12,202542,206,206,206,206,0.902603,52.99908,0,1,350600320254220552,2026-04-09,Bauru,,1.1409835,388686,19.74421429,86.89652857,0,0,1,69.55408571,50.27022857,24.17342857,29.09668571,18,,,,,57953
2025-10-05,202541,200,200,200,200,0.9297965,51.455418,0,1,350600320254120552,2026-04-09,Bauru,,1.1653298,388686,19.2771,73.29324286,0,0,1,56.20295714,37.40548571,24.43078571,30.8118,20,,,,,57953
2025-09-28,202540,173,173,173,173,0.63602936,44.508934,0,1,350600320254020552,2026-04-09,Bauru,,1.0384308,388686,19.72557143,70.54407143,0,0,1,45.62278571,23.57612857,26.16432857,33.36697143,13,,,,,57953
2025-09-21,202539,176,176,176,176,0.7443127,45.280766,0,1,350600320253920552,2026-04-09,Bauru,,1.0737678,388686,17.29457143,76.65185714,0,0,1,58.07278571,39.91317143,22.42501429,28.59051429,11,,,,,57953
2025-09-14,202538,160,160,160,160,0.46062243,41.164333,0,1,350600320253820552,2026-04-09,Bauru,,0.9890515,388686,17.33747143,79.28457143,0,0,1,50.83074286,27.04587143,24.20331429,31.95222857,13,,,,,57953
2025-09-07,202537,173,173,173,173,0.72914034,44.508934,0,1,350600320253720552,2026-04-09,Bauru,,1.0688996,388686,17.38334286,70.84665714,0,0,1,46.26585714,24.55827143,23.64005714,30.85005714,7,,,,,57953
2025-08-31,202536,152,152,152,152,0.4671389,39.106117,0,1,350600320253620552,2026-04-09,Bauru,,0.99062014,388686,17.57081429,69.84762857,0,0,1,47.62588571,28.39774286,23.57811429,29.83752857,7,,,,,57953
2025-08-24,202535,169,169,169,169,0.9801709,43.479828,0,1,350600320253520552,2026-04-09,Bauru,,1.2676239,388686,16.19107143,79.53534286,0,1,1,56.16341429,32.6281,22.32594286,29.14065714,31,,,,,57953
2025-08-17,202534,170,170,170,170,0.9994166,43.737103,0,1,350600320253420552,2026-04-09,Bauru,,1.473158,388686,17.12784286,72.21774286,0,1,1,48.18317143,25.01297143,23.59335714,31.13587143,43,,,,,57953
2025-08-10,202533,123,123,123,123,0.82055426,31.64508,0,1,350600320253320552,2026-04-09,Bauru,,1.127891,388686,10.32901429,80.72145714,0,0,1,53.73444286,29.21007143,16.73161429,24.39668571,38,,,,,57953
2025-08-03,202532,117,117,117,117,0.35038877,30.10142,0,1,350600320253220552,2026-04-09,Bauru,,0.9516703,388686,13.90154286,76.44438571,0,0,1,57.9195,34.78804286,18.70508571,24.66934286,72,,,,,57953
2025-07-27,202531,96,96,96,96,0.000255554,24.6986,0,1,350600320253120552,2026-04-09,Bauru,,0.6391168,388686,12.88045714,72.67785714,0,0,1,52.23404286,30.18095714,18.61245714,25.3473,59,,,,,57953
2025-07-20,202530,107,107,107,107,1.06E-05,27.528648,0,1,350600320253020552,2026-04-09,Bauru,,0.6000195,388686,13.28678571,85.43265714,0,0,1,59.38687143,32.86545714,19.1883,26.49471429,74,,,,,57953
2025-07-13,202529,170,170,170,170,0.0076729413,43.737103,0,1,350600320252920552,2026-04-09,Bauru,,0.7812,388686,14.05104286,71.92242857,0,0,1,53.65538571,34.3566,18.76018571,24.58134286,103,,,,,57953
2025-07-06,202528,159,159,159,159,3.43E-08,40.907055,0,1,350600320252820552,2026-04-09,Bauru,,0.58890086,388686,11.96942857,84.00615714,0,0,1,62.63681429,37.84661429,16.93642857,23.35441429,95,,,,,57953
2025-06-29,202527,215,215,215,215,1.52E-07,55.31457,0,1,350600320252720552,2026-04-09,Bauru,,0.64279073,388686,13.80127143,86.78667143,0,0,1,73.1003,54.61065714,17.41265714,22.59184286,136,,,,,57953
2025-06-22,202526,268,268,268,268,1.02E-09,68.95026,0,1,350600320252620552,2026-04-09,Bauru,,0.6305674,388686,14.04701429,89.22005714,0,0,1,69.37502857,47.11465714,18.05654286,23.71342857,192,,,,,57953
2025-06-15,202525,324,324,324,324,1.11E-16,83.35777,0,1,350600320252520552,2026-04-09,Bauru,,0.57109815,388686,14.42171429,83.55705714,0,0,1,66.87278571,45.40938571,19.05382857,25.02488571,221,,,,,57953
2025-06-08,202524,401,401,401,401,0,103.16811,0,1,350600320252420552,2026-04-09,Bauru,,0.5213183,388686,13.34208571,89.09175714,0,0,1,74.08641429,52.45161429,16.93887143,21.73937143,278,,,,,57953
2025-06-01,202523,523,523,523,523,0,134.55591,0,1,350600320252320552,2026-04-09,Bauru,,0.5311086,388686,15.47547143,94.06,0,0,1,77.26911429,54.24185714,19.71338571,25.45637143,406,,,,,57953
2025-05-25,202522,758,758,758,758,0,195.01602,0,4,350600320252220552,2026-04-09,Bauru,,0.66752785,388686,13.6673,85.9298,0,0,2,64.34181429,41.40357143,18.17875714,23.4232,520,,,,,57953
2025-05-18,202521,1022,1022,1022,1022,0.0001280472,262.93716,0,4,350600320252120552,2026-04-09,Bauru,,0.85595447,388686,16.61852857,84.64738571,0,0,2,65.78991429,41.52387143,21.4545,27.14897143,725,,,,,57953
2025-05-11,202520,1219,1219,1219,1219,0.42272577,313.62076,0,4,350600320252020552,2026-04-09,Bauru,,0.99215233,388686,16.75897143,83.31897143,0,0,2,67.79838571,50.4842,20.63714286,25.43704286,876,,,,,57953
2025-05-04,202519,1204,1204,1204,1204,0.083086744,309.7616,0,4,350600320251920552,2026-04-09,Bauru,,0.9458765,388686,17.91621429,83.19452857,0,0,2,66.04818571,46.06658571,22.46325714,27.70061429,866,,,,,57953
2025-04-27,202518,1176,1176,1176,1176,0.012072431,302.55786,0,4,350600320251820552,2026-04-09,Bauru,,0.91312474,388686,17.37362857,90.71732857,0,0,2,75.39635714,57.17008571,21.15652857,25.47637143,850,,,,,57953
2025-04-20,202517,1355,1355,1355,1355,0.8402327,348.61044,0,4,350600320251720552,2026-04-09,Bauru,,1.0393625,388686,18.46772857,91.24037143,0,0,2,75.72315714,58.06882857,21.9781,26.26745714,1023,,,,,57953
2025-04-13,202516,1271,1271,1271,1271,0.07917033,326.99918,0,4,350600320251620552,2026-04-09,Bauru,,0.9463116,388686,19.2616,91.60952857,0,0,2,75.84102857,55.52568571,23.02792857,27.48397143,900,,,,,57953
2025-04-06,202515,1277,1277,1277,1277,0.025407715,328.54285,0,4,350600320251520552,2026-04-09,Bauru,,0.9269758,388686,19.05101429,82.32537143,0,0,2,65.92265714,45.69204286,23.40898571,28.83244286,898,,,,,57953
2025-03-30,202514,1373,1373,1373,1373,0.3338143,353.24142,0,4,350600320251420552,2026-04-09,Bauru,,0.98381287,388686,21.54075714,89.71377143,0,0,2,74.5737,56.81135714,24.79945714,28.62757143,1027,,,,,57953
2025-03-23,202513,1388,1388,1388,1388,0.7158124,357.1006,0,4,350600320251320552,2026-04-09,Bauru,,1.0220073,388686,21.47884286,89.37958571,0,0,2,72.15547143,53.2801,25.27844286,29.76097143,1055,,,,,57953
2025-03-16,202512,1391,1391,1391,1391,0.99921036,357.87244,0,4,350600320251220544,2026-04-01,Bauru,,1.1315062,388686,20.23217143,85.64002857,0,1,2,69.36395714,49.75948571,24.6956,29.74532857,1046,,,,,57953
2025-03-09,202511,1495,1495,1495,1495,1,384.62924,0,4,350600320251120536,2026-03-24,Bauru,,1.3909123,388686,22.55251429,83.08608571,0,1,2,63.67977143,47.23504286,26.82922857,31.37812857,1188,,,,,57953
2025-03-02,202510,1184,1184,1184,1184,1,304.61606,0,4,350600320251020529,2026-03-17,Bauru,,1.2921996,388686,22.75922857,75.01091429,0,1,2,55.36942857,36.30828571,27.40974286,32.29564286,883,,,,,57953
2025-02-23,202509,1101,1101,1101,1101,1,283.26205,0,4,350600320250920522,2026-03-10,Bauru,,1.4534459,388686,22.74434286,81.44197143,0,1,2,63.82521429,43.27645714,27.02277143,32.06437143,808,,,,,57953
2025-02-16,202508,933,933,933,933,1,240.03952,0,4,350600320250820516,2026-03-04,Bauru,,1.4779924,388686,22.49228571,89.75655714,0,1,2,72.60574286,54.56572857,26.81211429,31.16447143,640,,,,,57953
2025-02-09,202507,739,739,739,739,1,190.12776,0,4,350600320250720508,2026-02-24,Bauru,,1.3604378,388686,21.71242857,89.69994286,0,1,2,73.1883,57.12655714,25.62854286,29.66585714,503,,,,,57953
2025-02-02,202506,599,599,599,599,0.99998635,154.10898,0,4,350600320250620504,2026-02-20,Bauru,,1.294949,388686,21.00747143,95.20115714,1,1,2,82.68241429,67.15091429,23.9553,27.26861429,374,,,,,57953
2025-01-26,202505,564,564,564,564,1,145.10428,0,3,350600320250520495,2026-02-11,Bauru,,1.4475945,388686,21.425,97.04714286,1,1,2,86.044,70.14575714,24.07622857,27.58617143,354,,,,,57953
2025-01-19,202504,462,462,462,462,0.999996,118.862015,0,3,350600320250420491,2026-02-07,Bauru,,1.3742583,388686,22.36075714,90.79671429,0,1,1,73.53318571,54.7472,26.64168571,31.46698571,222,,,,,57953
2025-01-12,202503,371,371,371,371,0.9992542,95.4498,0,3,350600320250320487,2026-02-03,Bauru,,1.2814207,388686,20.0109,89.17472857,0,1,1,74.44495714,58.552,23.96852857,28.05601429,92,,,,,57953
2025-01-05,202502,339,339,339,339,0.999938,87.216934,0,4,350600320250220460,2026-01-07,Bauru,,1.3758173,388686,20.20704286,89.05837143,0,1,2,69.65662857,51.7409,25.08561429,30.04268571,67,,,,,57953
2024-12-29,202501,302,302,302,302,0.99919623,77.69768,0,1,350600320250120460,2026-01-07,Bauru,,1.3161992,388686,20.93095714,93.79282857,0,1,2,78.84298571,60.88362857,24.6487,28.80381429,67,,,,,57953
2024-12-22,202452,226,226,226,226,0.33086085,58.14462,0,1,350600320245220438,2025-12-16,Bauru,,0.96011084,388686,20.93565714,94.09225714,1,0,1,82.67262857,66.54412857,23.85187143,27.668,49,,,,,57953
2024-12-15,202451,206,206,206,206,0.08557203,52.99908,0,1,350600320245120438,2025-12-16,Bauru,,0.8777466,388686,20.13772857,88.71187143,0,0,1,70.56,51.31271429,24.5522,29.3223,29,,,,,57953
2024-12-08,202450,258,258,258,258,0.92483383,66.37749,0,1,350600320245020438,2025-12-16,Bauru,,1.139666,388686,20.43215714,90.59098571,0,0,2,77.19708571,60.71598571,24.06337143,28.20291429,20,,,,,57953
2024-12-01,202449,238,238,238,238,0.819645,61.231945,0,1,350600320244920432,2025-12-10,Bauru,,1.0892832,388686,21.48972857,91.35502857,0,0,1,78.79185714,63.01437143,24.67404286,28.20168571,24,,,,,57953
2024-11-24,202448,218,218,218,218,0.6603041,56.086403,0,1,350600320244820425,2025-12-03,Bauru,,1.0407531,388686,20.83471429,81.85841429,0,0,1,66.07574286,49.3743,25.03778571,29.5143,88,,,,,57953
2024-11-17,202447,232,232,232,232,0.8474886,59.688282,0,1,350600320244720418,2025-11-26,Bauru,,1.1024045,388686,20.05998571,84.67914286,0,0,1,66.79598571,47.71787143,24.92628571,29.74302857,107,,,,,57953
2024-11-10,202446,201,201,201,201,0.12981756,51.712692,0,1,350600320244620410,2025-11-18,Bauru,,0.8964559,388686,18.50602857,86.6689,0,0,1,69.15038571,51.66087143,23.60258571,28.69985714,102,,,,,57953
2024-11-03,202445,197,197,197,197,0.043271583,50.683586,0,1,350600320244520404,2025-11-12,Bauru,,0.84744406,388686,20.67534286,95.36411429,1,0,1,86.35637143,72.2921,22.75765714,25.75418571,107,,,,,57953
2024-10-27,202444,233,233,233,233,0.61228055,59.94556,0,1,350600320244420396,2025-11-04,Bauru,,1.0269381,388686,19.67818571,84.50585714,0,0,1,67.70188571,51.62604286,24.1154,28.72938571,136,,,,,57953
2024-10-20,202443,246,246,246,246,0.87426835,63.29016,0,1,350600320244320390,2025-10-29,Bauru,,1.1119199,388686,20.96021429,91.46342857,0,0,1,78.37824286,63.02582857,24.36314286,28.5456,134,,,,,57953
2024-10-13,202442,227,227,227,227,0.5147341,58.401897,0,1,350600320244220381,2025-10-20,Bauru,,1.0034733,388686,19.82027143,81.47021429,0,0,1,59.77478571,40.73464286,25.62887143,31.43317143,129,,,,,57953
2024-10-06,202441,210,210,210,210,0.11202333,54.028187,0,1,350600320244120376,2025-10-15,Bauru,,0.8912076,388686,19.30085714,80.43632857,0,0,1,56.64942857,31.62498571,25.85185714,33.56521429,110,,,,,57953
2024-09-29,202440,228,228,228,228,0.1648399,58.659176,0,1,350600320244020368,2025-10-07,Bauru,,0.91465974,388686,19.86708571,68.02101429,0,0,1,45.84624286,25.10774286,26.78661429,34.40794286,124,,,,,57953
2024-09-22,202439,241,241,241,241,0.10771181,62.003777,0,1,350600320243920363,2025-10-02,Bauru,,0.896096,388686,21.74977143,64.92005714,0,0,1,42.18395714,21.3902,28.32948571,35.17868571,140,,,,,57953
2024-09-15,202438,233,233,233,233,0.03990379,59.94556,0,1,350600320243820354,2025-09-23,Bauru,,0.8555884,388686,18.22364286,80.89468571,0,0,1,59.4397,36.7694,23.75584286,30.44568571,142,,,,,57953
2024-09-08,202437,282,282,282,282,0.8702327,72.55214,0,4,350600320243720347,2025-09-16,Bauru,,1.1020944,388686,21.05042857,44.748,0,0,2,29.66861429,16.77181429,28.03204286,35.14184286,161,,,,,57953
2024-09-01,202436,304,304,304,304,0.9949269,78.212234,0,1,350600320243620340,2025-09-09,Bauru,,1.2462634,388686,17.41555714,63.18415714,0,1,2,38.57927143,17.51291429,25.94041429,34.55047143,164,,,,,57953
2024-08-25,202435,228,228,228,228,0.31496674,58.659176,0,1,350600320243520333,2025-09-02,Bauru,,0.9563928,388686,13.70971429,76.26187143,0,0,1,55.06437143,33.42851429,19.46941429,26.28881429,128,,,,,57953
2024-08-18,202434,260,260,260,260,0.8063586,66.892044,0,1,350600320243420328,2025-08-28,Bauru,,1.080302,388686,17.8581,57.56871429,0,0,2,37.91644286,18.9907,24.90108571,32.86418571,157,,,,,57953
2024-08-11,202433,224,224,224,224,0.088061824,57.630066,0,1,350600320243320321,2025-08-21,Bauru,,0.8835373,388686,11.57555714,73.28134286,0,0,1,52.07372857,27.76225714,18.38502857,26.52855714,143,,,,,57953
2024-08-04,202432,247,247,247,247,0.063598536,63.54744,0,1,350600320243220312,2025-08-12,Bauru,,0.87575734,388686,18.01318571,66.12682857,0,0,1,50.06232857,29.91698571,22.1628,27.6609,142,,,,,57953
2024-07-28,202431,236,236,236,236,8.89E-05,60.717392,0,1,350600320243120305,2025-08-05,Bauru,,0.7272833,388686,16.51494286,69.14875714,0,0,1,50.9545,30.7276,21.91805714,28.4992,160,,,,,57953
2024-07-21,202430,284,284,284,284,5.82E-06,73.06669,0,4,350600320243020298,2025-07-29,Bauru,,0.7132695,388686,14.16567143,68.8629,0,0,2,46.63414286,24.57535714,20.59624286,27.90881429,177,,,,,57953
2024-07-14,202429,318,318,318,318,1.73E-12,81.81411,0,4,350600320242920292,2025-07-23,Bauru,,0.61378723,388686,14.6695,85.56775714,0,0,2,62.03947143,35.00961429,19.96192857,26.42674286,195,,,,,57953
2024-07-07,202428,351,351,351,351,0,90.30425,0,4,350600320242820284,2025-07-15,Bauru,,0.5381721,388686,15.38308571,88.82855714,0,0,2,74.35518571,52.66414286,19.36264286,24.8541,240,,,,,57953
2024-06-30,202427,522,522,522,522,1.80E-11,134.29863,0,4,350600320242720278,2025-07-09,Bauru,,0.6885834,388686,14.97217143,78.84082857,0,0,2,64.23732857,44.99011429,19.38572857,24.78785714,386,,,,,57953
2024-06-23,202426,665,665,665,665,2.49E-05,171.08926,0,4,350600320242620270,2025-07-01,Bauru,,0.8098112,388686,17.36954286,76.0469,0,0,2,55.183,33.06308571,22.63822857,28.84477143,488,,,,,57953
2024-06-16,202425,797,797,797,797,0.008845673,205.04984,0,4,350600320242520263,2025-06-24,Bauru,,0.8909956,388686,15.87197143,59.95875714,0,0,2,45.05715714,27.19984286,21.6059,28.22381429,570,,,,,57953
2024-06-09,202424,833,833,833,833,1.42E-08,214.31181,0,4,350600320242420256,2025-06-17,Bauru,,0.7747957,388686,16.11524286,71.35571429,0,0,2,51.72385714,30.64682857,21.62831429,28.40615714,637,,,,,57953
2024-06-02,202423,834,834,834,834,0,214.56909,0,4,350600320242320249,2025-06-10,Bauru,,0.61964244,388686,15.84882857,78.26537143,0,0,2,61.61404286,40.16187143,20.40465714,26.48081429,546,,,,,57953
2024-05-26,202422,957,957,957,957,0,246.21417,0,4,350600320242220242,2025-06-03,Bauru,,0.6287845,388686,12.9284,88.95798571,0,0,2,73.84442857,54.82042857,16.75351429,21.84138571,724,,,,,57953
2024-05-19,202421,1446,1446,1446,1446,0.16370909,372.02267,0,4,350600320242120236,2025-05-28,Bauru,,0.96455413,388686,19.20412857,77.97254286,0,0,2,59.7511,40.89754286,23.63228571,28.67688571,1104,,,,,57953
2024-05-12,202420,1657,1657,1657,1657,0.99999994,426.30814,0,4,350600320242020228,2025-05-20,Bauru,,1.2151518,388686,18.85318571,72.80532857,0,1,2,53.9269,34.22067143,24.13521429,29.9677,1296,,,,,57953
2024-05-05,202419,1586,1586,1586,1586,1,408.04144,0,4,350600320241920224,2025-05-16,Bauru,,1.2885181,388686,20.07332857,71.15228571,0,1,2,50.54357143,30.80735714,25.53112857,31.34888571,1224,,,,,57953
2024-04-28,202418,1290,1290,1290,1290,0.9997411,331.88745,0,4,350600320241820214,2025-05-06,Bauru,,1.1520987,388686,20.74231429,73.28564286,0,1,2,53.04192857,31.84067143,26.30232857,32.25167143,952,,,,,57953
2024-04-21,202417,1302,1302,1302,1302,1,334.97476,0,4,350600320241720207,2025-04-29,Bauru,,1.252384,388686,20.15238571,80.41238571,0,1,2,59.38998571,36.66382857,25.1457,30.79898571,875,,,,,57953
2024-04-14,202416,1031,1031,1031,1031,0.9840909,265.2527,0,4,350600320241620201,2025-04-23,Bauru,,1.1016896,388686,20.07687143,87.24064286,0,1,2,73.98227143,58.02961429,23.38822857,27.24462857,681,,,,,57953
2024-04-07,202415,1108,1108,1108,1108,1,285.06302,0,4,350600320241520193,2025-04-15,Bauru,,1.3509082,388686,21.2204,85.91497143,0,1,2,71.44711429,54.74185714,24.7712,28.78111429,711,,,,,57953
2024-03-31,202414,966,966,966,966,0.99999994,248.52966,0,4,350600320241420188,2025-04-10,Bauru,,1.2998155,388686,21.4333,83.13588571,0,1,2,67.00922857,45.63345714,25.78654286,30.67801429,607,,,,,57953
2024-03-24,202413,751,751,751,751,0.9587808,193.21509,0,4,350600320241320179,2025-04-01,Bauru,,1.0960083,388686,19.56165714,93.06012857,0,1,2,81.78238571,64.70601429,22.51611429,26.5036,473,,,,,57953
2024-03-17,202412,776,776,776,776,0.9997819,199.64702,0,4,350600320241220172,2025-03-25,Bauru,,1.205687,388686,23.07637143,88.50507143,0,1,2,75.60211429,57.53217143,26.10204286,29.98312857,498,,,,,57953
2024-03-10,202411,674,674,674,674,0.86234045,173.40475,0,4,350600320241120165,2025-03-18,Bauru,,1.0621641,388686,22.6172,86.92272857,0,0,2,68.1306,47.9944,27.36757143,32.35675714,432,,,,,57953
2024-03-03,202410,626,626,626,626,0.2567133,161.05545,0,4,350600320241020158,2025-03-11,Bauru,,0.964071,388686,22.34175714,88.01744286,0,0,2,70.25585714,49.82157143,26.57232857,31.50261429,382,,,,,57953
2024-02-25,202409,621,621,621,621,0.17562677,159.76907,0,4,350600320240920154,2025-03-07,Bauru,,0.94914126,388686,23.12104286,88.29441429,0,0,2,71.05348571,52.32005714,27.35327143,31.95891429,369,,,,,57953
2024-02-18,202408,658,658,658,658,0.9074063,169.28831,0,4,350600320240820145,2025-02-26,Bauru,,1.0772308,388686,20.8416,95.20108571,1,0,2,80.81922857,61.48828571,24.55538571,29.16311429,378,,,,,57953
2024-02-11,202407,680,680,680,680,0.9999996,174.94841,0,4,350600320240720137,2025-02-18,Bauru,,1.3326348,388686,22.19427143,87.31902857,0,1,2,71.18938571,55.43594286,25.86941429,29.83675714,433,,,,,57953
2024-02-04,202406,665,665,665,665,1,171.08926,0,4,350600320240620130,2025-02-11,Bauru,,1.6699685,388686,22.27588571,87.41971429,0,1,2,63.5819,43.78697143,26.9797,31.66007143,386,,,,,57953
2024-01-28,202405,512,512,512,512,1,131.72586,0,4,350600320240520123,2025-02-04,Bauru,,1.6560602,388686,20.65228571,87.15412857,0,1,2,64.42712857,41.28431429,25.68705714,31.20827143,280,,,,,57953
2024-01-21,202404,373,373,373,373,1,95.964355,0,4,350600320240420117,2025-01-29,Bauru,,1.5675652,388686,19.21775714,87.11272857,0,1,2,70.93792857,52.15197143,23.17768571,27.83694286,213,,,,,57953
2024-01-14,202403,317,317,317,317,1,81.55683,0,3,350600320240320109,2025-01-21,Bauru,,1.8017157,388686,23.13875714,88.38381429,0,1,2,70.94558571,52.43824286,27.14134286,31.62914286,146,,,,,57953
2024-01-07,202402,223,223,223,223,0.99999994,57.372787,0,1,350600320240220096,2025-01-08,Bauru,,1.8089119,388686,23.04857143,85.77252857,0,1,1,68.02381429,50.75675714,27.12285714,31.57955714,90,,,,,57953
2023-12-31,202401,193,193,193,193,1,49.654476,0,1,350600320240120096,2025-01-08,Bauru,,2.0013516,388686,21.92937143,79.15395714,0,1,1,57.67487143,38.31304286,27.13625714,32.25947143,73,,,,,57953