DATE,CODE,RAW DATE,DAY,MONTH,YEAR,VALUE ((% a.m.))
1980-10-01,PRECOS12_IPCAAB12,1980-10-01T00:00:00-03:00,1,10,1980,5.92
1980-11-01,PRECOS12_IPCAAB12,1980-11-01T00:00:00-03:00,1,11,1980,10.97
1980-12-01,PRECOS12_IPCAAB12,1980-12-01T00:00:00-02:00,1,12,1980,5.73
1981-01-01,PRECOS12_IPCAAB12,1981-01-01T00:00:00-02:00,1,1,1981,6.41
1981-02-01,PRECOS12_IPCAAB12,1981-02-01T00:00:00-02:00,1,2,1981,5.34
1981-03-01,PRECOS12_IPCAAB12,1981-03-01T00:00:00-03:00,1,3,1981,5.66
1981-04-01,PRECOS12_IPCAAB12,1981-04-01T00:00:00-03:00,1,4,1981,4.86
1981-05-01,PRECOS12_IPCAAB12,1981-05-01T00:00:00-03:00,1,5,1981,5.27
1981-06-01,PRECOS12_IPCAAB12,1981-06-01T00:00:00-03:00,1,6,1981,1.75
1981-07-01,PRECOS12_IPCAAB12,1981-07-01T00:00:00-03:00,1,7,1981,3.64
1981-08-01,PRECOS12_IPCAAB12,1981-08-01T00:00:00-03:00,1,8,1981,5.66
1981-09-01,PRECOS12_IPCAAB12,1981-09-01T00:00:00-03:00,1,9,1981,8.16
1981-10-01,PRECOS12_IPCAAB12,1981-10-01T00:00:00-03:00,1,10,1981,3.6
1981-11-01,PRECOS12_IPCAAB12,1981-11-01T00:00:00-03:00,1,11,1981,4.54
1981-12-01,PRECOS12_IPCAAB12,1981-12-01T00:00:00-02:00,1,12,1981,3.69
1982-01-01,PRECOS12_IPCAAB12,1982-01-01T00:00:00-02:00,1,1,1982,9.11
1982-02-01,PRECOS12_IPCAAB12,1982-02-01T00:00:00-02:00,1,2,1982,5.0
1982-03-01,PRECOS12_IPCAAB12,1982-03-01T00:00:00-03:00,1,3,1982,5.21
1982-04-01,PRECOS12_IPCAAB12,1982-04-01T00:00:00-03:00,1,4,1982,5.07
1982-05-01,PRECOS12_IPCAAB12,1982-05-01T00:00:00-03:00,1,5,1982,6.11
1982-06-01,PRECOS12_IPCAAB12,1982-06-01T00:00:00-03:00,1,6,1982,8.63
1982-07-01,PRECOS12_IPCAAB12,1982-07-01T00:00:00-03:00,1,7,1982,8.36
1982-08-01,PRECOS12_IPCAAB12,1982-08-01T00:00:00-03:00,1,8,1982,6.02
1982-09-01,PRECOS12_IPCAAB12,1982-09-01T00:00:00-03:00,1,9,1982,3.27
1982-10-01,PRECOS12_IPCAAB12,1982-10-01T00:00:00-03:00,1,10,1982,2.41
1982-11-01,PRECOS12_IPCAAB12,1982-11-01T00:00:00-03:00,1,11,1982,4.04
1982-12-01,PRECOS12_IPCAAB12,1982-12-01T00:00:00-02:00,1,12,1982,6.72
1983-01-01,PRECOS12_IPCAAB12,1983-01-01T00:00:00-02:00,1,1,1983,13.17
1983-02-01,PRECOS12_IPCAAB12,1983-02-01T00:00:00-02:00,1,2,1983,5.84
1983-03-01,PRECOS12_IPCAAB12,1983-03-01T00:00:00-03:00,1,3,1983,10.23
1983-04-01,PRECOS12_IPCAAB12,1983-04-01T00:00:00-03:00,1,4,1983,9.61
1983-05-01,PRECOS12_IPCAAB12,1983-05-01T00:00:00-03:00,1,5,1983,5.61
1983-06-01,PRECOS12_IPCAAB12,1983-06-01T00:00:00-03:00,1,6,1983,5.66
1983-07-01,PRECOS12_IPCAAB12,1983-07-01T00:00:00-03:00,1,7,1983,17.51
1983-08-01,PRECOS12_IPCAAB12,1983-08-01T00:00:00-03:00,1,8,1983,13.61
1983-09-01,PRECOS12_IPCAAB12,1983-09-01T00:00:00-03:00,1,9,1983,10.94
1983-10-01,PRECOS12_IPCAAB12,1983-10-01T00:00:00-03:00,1,10,1983,20.4
1983-11-01,PRECOS12_IPCAAB12,1983-11-01T00:00:00-03:00,1,11,1983,4.74
1983-12-01,PRECOS12_IPCAAB12,1983-12-01T00:00:00-02:00,1,12,1983,5.21
1984-01-01,PRECOS12_IPCAAB12,1984-01-01T00:00:00-02:00,1,1,1984,9.95
1984-02-01,PRECOS12_IPCAAB12,1984-02-01T00:00:00-02:00,1,2,1984,7.1
1984-03-01,PRECOS12_IPCAAB12,1984-03-01T00:00:00-03:00,1,3,1984,10.19
1984-04-01,PRECOS12_IPCAAB12,1984-04-01T00:00:00-03:00,1,4,1984,12.52
1984-05-01,PRECOS12_IPCAAB12,1984-05-01T00:00:00-03:00,1,5,1984,8.39
1984-06-01,PRECOS12_IPCAAB12,1984-06-01T00:00:00-03:00,1,6,1984,7.3
1984-07-01,PRECOS12_IPCAAB12,1984-07-01T00:00:00-03:00,1,7,1984,9.07
1984-08-01,PRECOS12_IPCAAB12,1984-08-01T00:00:00-03:00,1,8,1984,8.34
1984-09-01,PRECOS12_IPCAAB12,1984-09-01T00:00:00-03:00,1,9,1984,11.84
1984-10-01,PRECOS12_IPCAAB12,1984-10-01T00:00:00-03:00,1,10,1984,13.8
1984-11-01,PRECOS12_IPCAAB12,1984-11-01T00:00:00-03:00,1,11,1984,8.24
1984-12-01,PRECOS12_IPCAAB12,1984-12-01T00:00:00-02:00,1,12,1984,9.76
1985-01-01,PRECOS12_IPCAAB12,1985-01-01T00:00:00-02:00,1,1,1985,13.5
1985-02-01,PRECOS12_IPCAAB12,1985-02-01T00:00:00-02:00,1,2,1985,9.36
1985-03-01,PRECOS12_IPCAAB12,1985-03-01T00:00:00-03:00,1,3,1985,11.48
1985-04-01,PRECOS12_IPCAAB12,1985-04-01T00:00:00-03:00,1,4,1985,8.73
1985-05-01,PRECOS12_IPCAAB12,1985-05-01T00:00:00-03:00,1,5,1985,5.16
1985-06-01,PRECOS12_IPCAAB12,1985-06-01T00:00:00-03:00,1,6,1985,6.53
1985-07-01,PRECOS12_IPCAAB12,1985-07-01T00:00:00-03:00,1,7,1985,10.86
1985-08-01,PRECOS12_IPCAAB12,1985-08-01T00:00:00-03:00,1,8,1985,16.04
1985-09-01,PRECOS12_IPCAAB12,1985-09-01T00:00:00-03:00,1,9,1985,12.17
1985-10-01,PRECOS12_IPCAAB12,1985-10-01T00:00:00-03:00,1,10,1985,9.25
1985-11-01,PRECOS12_IPCAAB12,1985-11-01T00:00:00-03:00,1,11,1985,11.5
1985-12-01,PRECOS12_IPCAAB12,1985-12-01T00:00:00-02:00,1,12,1985,17.27
1986-01-01,PRECOS12_IPCAAB12,1986-01-01T00:00:00-02:00,1,1,1986,17.2
1986-02-01,PRECOS12_IPCAAB12,1986-02-01T00:00:00-02:00,1,2,1986,17.64
1986-03-01,PRECOS12_IPCAAB12,1986-03-01T00:00:00-03:00,1,3,1986,-3.49
1986-04-01,PRECOS12_IPCAAB12,1986-04-01T00:00:00-03:00,1,4,1986,-0.65
1986-05-01,PRECOS12_IPCAAB12,1986-05-01T00:00:00-03:00,1,5,1986,0.15
1986-06-01,PRECOS12_IPCAAB12,1986-06-01T00:00:00-03:00,1,6,1986,0.45
1986-07-01,PRECOS12_IPCAAB12,1986-07-01T00:00:00-03:00,1,7,1986,0.06
1986-08-01,PRECOS12_IPCAAB12,1986-08-01T00:00:00-03:00,1,8,1986,0.36
1986-09-01,PRECOS12_IPCAAB12,1986-09-01T00:00:00-03:00,1,9,1986,0.31
1986-10-01,PRECOS12_IPCAAB12,1986-10-01T00:00:00-03:00,1,10,1986,0.57
1986-11-01,PRECOS12_IPCAAB12,1986-11-01T00:00:00-03:00,1,11,1986,3.51
1986-12-01,PRECOS12_IPCAAB12,1986-12-01T00:00:00-02:00,1,12,1986,4.73
1987-01-01,PRECOS12_IPCAAB12,1987-01-01T00:00:00-02:00,1,1,1987,17.6
1987-02-01,PRECOS12_IPCAAB12,1987-02-01T00:00:00-02:00,1,2,1987,18.34
1987-03-01,PRECOS12_IPCAAB12,1987-03-01T00:00:00-03:00,1,3,1987,10.23
1987-04-01,PRECOS12_IPCAAB12,1987-04-01T00:00:00-03:00,1,4,1987,19.26
1987-05-01,PRECOS12_IPCAAB12,1987-05-01T00:00:00-03:00,1,5,1987,22.03
1987-06-01,PRECOS12_IPCAAB12,1987-06-01T00:00:00-03:00,1,6,1987,21.97
1987-07-01,PRECOS12_IPCAAB12,1987-07-01T00:00:00-03:00,1,7,1987,9.77
1987-08-01,PRECOS12_IPCAAB12,1987-08-01T00:00:00-03:00,1,8,1987,4.2
1987-09-01,PRECOS12_IPCAAB12,1987-09-01T00:00:00-03:00,1,9,1987,5.73
1987-10-01,PRECOS12_IPCAAB12,1987-10-01T00:00:00-03:00,1,10,1987,8.54
1987-11-01,PRECOS12_IPCAAB12,1987-11-01T00:00:00-03:00,1,11,1987,15.13
1987-12-01,PRECOS12_IPCAAB12,1987-12-01T00:00:00-02:00,1,12,1987,13.52
1988-01-01,PRECOS12_IPCAAB12,1988-01-01T00:00:00-02:00,1,1,1988,17.34
1988-02-01,PRECOS12_IPCAAB12,1988-02-01T00:00:00-02:00,1,2,1988,13.92
1988-03-01,PRECOS12_IPCAAB12,1988-03-01T00:00:00-03:00,1,3,1988,19.24
1988-04-01,PRECOS12_IPCAAB12,1988-04-01T00:00:00-03:00,1,4,1988,20.52
1988-05-01,PRECOS12_IPCAAB12,1988-05-01T00:00:00-03:00,1,5,1988,17.24
1988-06-01,PRECOS12_IPCAAB12,1988-06-01T00:00:00-03:00,1,6,1988,23.1
1988-07-01,PRECOS12_IPCAAB12,1988-07-01T00:00:00-03:00,1,7,1988,26.41
1988-08-01,PRECOS12_IPCAAB12,1988-08-01T00:00:00-03:00,1,8,1988,20.9
1988-09-01,PRECOS12_IPCAAB12,1988-09-01T00:00:00-03:00,1,9,1988,29.6
1988-10-01,PRECOS12_IPCAAB12,1988-10-01T00:00:00-03:00,1,10,1988,29.97
1988-11-01,PRECOS12_IPCAAB12,1988-11-01T00:00:00-03:00,1,11,1988,29.96
1988-12-01,PRECOS12_IPCAAB12,1988-12-01T00:00:00-02:00,1,12,1988,28.61
1989-01-01,PRECOS12_IPCAAB12,1989-01-01T00:00:00-02:00,1,1,1989,34.98
1989-02-01,PRECOS12_IPCAAB12,1989-02-01T00:00:00-02:00,1,2,1989,14.1
1989-03-01,PRECOS12_IPCAAB12,1989-03-01T00:00:00-03:00,1,3,1989,2.76
1989-04-01,PRECOS12_IPCAAB12,1989-04-01T00:00:00-03:00,1,4,1989,6.32
1989-05-01,PRECOS12_IPCAAB12,1989-05-01T00:00:00-03:00,1,5,1989,21.72
1989-06-01,PRECOS12_IPCAAB12,1989-06-01T00:00:00-03:00,1,6,1989,39.94
1989-07-01,PRECOS12_IPCAAB12,1989-07-01T00:00:00-03:00,1,7,1989,24.81
1989-08-01,PRECOS12_IPCAAB12,1989-08-01T00:00:00-03:00,1,8,1989,32.56
1989-09-01,PRECOS12_IPCAAB12,1989-09-01T00:00:00-03:00,1,9,1989,29.39
1989-10-01,PRECOS12_IPCAAB12,1989-10-01T00:00:00-03:00,1,10,1989,31.67
1989-11-01,PRECOS12_IPCAAB12,1989-11-01T00:00:00-03:00,1,11,1989,46.76
1989-12-01,PRECOS12_IPCAAB12,1989-12-01T00:00:00-02:00,1,12,1989,54.28
1990-01-01,PRECOS12_IPCAAB12,1990-01-01T00:00:00-02:00,1,1,1990,73.6
1990-02-01,PRECOS12_IPCAAB12,1990-02-01T00:00:00-02:00,1,2,1990,67.65
1990-03-01,PRECOS12_IPCAAB12,1990-03-01T00:00:00-03:00,1,3,1990,90.23
1990-04-01,PRECOS12_IPCAAB12,1990-04-01T00:00:00-03:00,1,4,1990,7.38
1990-05-01,PRECOS12_IPCAAB12,1990-05-01T00:00:00-03:00,1,5,1990,3.33
1990-06-01,PRECOS12_IPCAAB12,1990-06-01T00:00:00-03:00,1,6,1990,10.9
1990-07-01,PRECOS12_IPCAAB12,1990-07-01T00:00:00-03:00,1,7,1990,14.86
1990-08-01,PRECOS12_IPCAAB12,1990-08-01T00:00:00-03:00,1,8,1990,10.29
1990-09-01,PRECOS12_IPCAAB12,1990-09-01T00:00:00-03:00,1,9,1990,15.01
1990-10-01,PRECOS12_IPCAAB12,1990-10-01T00:00:00-03:00,1,10,1990,12.67
1990-11-01,PRECOS12_IPCAAB12,1990-11-01T00:00:00-03:00,1,11,1990,15.79
1990-12-01,PRECOS12_IPCAAB12,1990-12-01T00:00:00-02:00,1,12,1990,16.92
1991-01-01,PRECOS12_IPCAAB12,1991-01-01T00:00:00-02:00,1,1,1991,21.94
1991-02-01,PRECOS12_IPCAAB12,1991-02-01T00:00:00-02:00,1,2,1991,18.49
1991-03-01,PRECOS12_IPCAAB12,1991-03-01T00:00:00-03:00,1,3,1991,3.87
1991-04-01,PRECOS12_IPCAAB12,1991-04-01T00:00:00-03:00,1,4,1991,5.28
1991-05-01,PRECOS12_IPCAAB12,1991-05-01T00:00:00-03:00,1,5,1991,4.6
1991-06-01,PRECOS12_IPCAAB12,1991-06-01T00:00:00-03:00,1,6,1991,11.23
1991-07-01,PRECOS12_IPCAAB12,1991-07-01T00:00:00-03:00,1,7,1991,12.79
1991-08-01,PRECOS12_IPCAAB12,1991-08-01T00:00:00-03:00,1,8,1991,
1991-09-01,PRECOS12_IPCAAB12,1991-09-01T00:00:00-03:00,1,9,1991,37.85
1991-10-01,PRECOS12_IPCAAB12,1991-10-01T00:00:00-03:00,1,10,1991,25.61
1991-11-01,PRECOS12_IPCAAB12,1991-11-01T00:00:00-03:00,1,11,1991,30.91
1991-12-01,PRECOS12_IPCAAB12,1991-12-01T00:00:00-02:00,1,12,1991,21.66
1992-01-01,PRECOS12_IPCAAB12,1992-01-01T00:00:00-02:00,1,1,1992,24.3
1992-02-01,PRECOS12_IPCAAB12,1992-02-01T00:00:00-02:00,1,2,1992,24.68
1992-03-01,PRECOS12_IPCAAB12,1992-03-01T00:00:00-03:00,1,3,1992,20.89
1992-04-01,PRECOS12_IPCAAB12,1992-04-01T00:00:00-03:00,1,4,1992,18.91
1992-05-01,PRECOS12_IPCAAB12,1992-05-01T00:00:00-03:00,1,5,1992,25.34
1992-06-01,PRECOS12_IPCAAB12,1992-06-01T00:00:00-03:00,1,6,1992,20.57
1992-07-01,PRECOS12_IPCAAB12,1992-07-01T00:00:00-03:00,1,7,1992,20.81
1992-08-01,PRECOS12_IPCAAB12,1992-08-01T00:00:00-03:00,1,8,1992,22.93
1992-09-01,PRECOS12_IPCAAB12,1992-09-01T00:00:00-03:00,1,9,1992,25.72
1992-10-01,PRECOS12_IPCAAB12,1992-10-01T00:00:00-03:00,1,10,1992,26.93
1992-11-01,PRECOS12_IPCAAB12,1992-11-01T00:00:00-03:00,1,11,1992,23.18
1992-12-01,PRECOS12_IPCAAB12,1992-12-01T00:00:00-02:00,1,12,1992,27.42
1993-01-01,PRECOS12_IPCAAB12,1993-01-01T00:00:00-02:00,1,1,1993,32.8
1993-02-01,PRECOS12_IPCAAB12,1993-02-01T00:00:00-02:00,1,2,1993,23.92
1993-03-01,PRECOS12_IPCAAB12,1993-03-01T00:00:00-03:00,1,3,1993,26.02
1993-04-01,PRECOS12_IPCAAB12,1993-04-01T00:00:00-03:00,1,4,1993,27.92
1993-05-01,PRECOS12_IPCAAB12,1993-05-01T00:00:00-03:00,1,5,1993,26.31
1993-06-01,PRECOS12_IPCAAB12,1993-06-01T00:00:00-03:00,1,6,1993,29.7
1993-07-01,PRECOS12_IPCAAB12,1993-07-01T00:00:00-03:00,1,7,1993,28.56
1993-08-01,PRECOS12_IPCAAB12,1993-08-01T00:00:00-03:00,1,8,1993,33.5
1993-09-01,PRECOS12_IPCAAB12,1993-09-01T00:00:00-03:00,1,9,1993,35.28
1993-10-01,PRECOS12_IPCAAB12,1993-10-01T00:00:00-03:00,1,10,1993,33.78
1993-11-01,PRECOS12_IPCAAB12,1993-11-01T00:00:00-03:00,1,11,1993,36.5
1993-12-01,PRECOS12_IPCAAB12,1993-12-01T00:00:00-02:00,1,12,1993,39.37
1994-01-01,PRECOS12_IPCAAB12,1994-01-01T00:00:00-02:00,1,1,1994,46.8
1994-02-01,PRECOS12_IPCAAB12,1994-02-01T00:00:00-02:00,1,2,1994,40.4
1994-03-01,PRECOS12_IPCAAB12,1994-03-01T00:00:00-03:00,1,3,1994,44.26
1994-04-01,PRECOS12_IPCAAB12,1994-04-01T00:00:00-03:00,1,4,1994,43.19
1994-05-01,PRECOS12_IPCAAB12,1994-05-01T00:00:00-03:00,1,5,1994,40.21
1994-06-01,PRECOS12_IPCAAB12,1994-06-01T00:00:00-03:00,1,6,1994,52.15
1994-07-01,PRECOS12_IPCAAB12,1994-07-01T00:00:00-03:00,1,7,1994,10.03
1994-08-01,PRECOS12_IPCAAB12,1994-08-01T00:00:00-03:00,1,8,1994,1.45
1994-09-01,PRECOS12_IPCAAB12,1994-09-01T00:00:00-03:00,1,9,1994,0.13
1994-10-01,PRECOS12_IPCAAB12,1994-10-01T00:00:00-03:00,1,10,1994,4.79
1994-11-01,PRECOS12_IPCAAB12,1994-11-01T00:00:00-03:00,1,11,1994,4.65
1994-12-01,PRECOS12_IPCAAB12,1994-12-01T00:00:00-02:00,1,12,1994,0.96
1995-01-01,PRECOS12_IPCAAB12,1995-01-01T00:00:00-02:00,1,1,1995,0.73
1995-02-01,PRECOS12_IPCAAB12,1995-02-01T00:00:00-02:00,1,2,1995,-0.06
1995-03-01,PRECOS12_IPCAAB12,1995-03-01T00:00:00-03:00,1,3,1995,1.44
1995-04-01,PRECOS12_IPCAAB12,1995-04-01T00:00:00-03:00,1,4,1995,1.99
1995-05-01,PRECOS12_IPCAAB12,1995-05-01T00:00:00-03:00,1,5,1995,0.51
1995-06-01,PRECOS12_IPCAAB12,1995-06-01T00:00:00-03:00,1,6,1995,-0.25
1995-07-01,PRECOS12_IPCAAB12,1995-07-01T00:00:00-03:00,1,7,1995,0.98
1995-08-01,PRECOS12_IPCAAB12,1995-08-01T00:00:00-03:00,1,8,1995,0.57
1995-09-01,PRECOS12_IPCAAB12,1995-09-01T00:00:00-03:00,1,9,1995,-0.03
1995-10-01,PRECOS12_IPCAAB12,1995-10-01T00:00:00-03:00,1,10,1995,0.32
1995-11-01,PRECOS12_IPCAAB12,1995-11-01T00:00:00-03:00,1,11,1995,1.07
1995-12-01,PRECOS12_IPCAAB12,1995-12-01T00:00:00-02:00,1,12,1995,0.86
1996-01-01,PRECOS12_IPCAAB12,1996-01-01T00:00:00-02:00,1,1,1996,1.28
1996-02-01,PRECOS12_IPCAAB12,1996-02-01T00:00:00-02:00,1,2,1996,0.11
1996-03-01,PRECOS12_IPCAAB12,1996-03-01T00:00:00-03:00,1,3,1996,-0.02
1996-04-01,PRECOS12_IPCAAB12,1996-04-01T00:00:00-03:00,1,4,1996,0.5
1996-05-01,PRECOS12_IPCAAB12,1996-05-01T00:00:00-03:00,1,5,1996,0.67
1996-06-01,PRECOS12_IPCAAB12,1996-06-01T00:00:00-03:00,1,6,1996,0.67
1996-07-01,PRECOS12_IPCAAB12,1996-07-01T00:00:00-03:00,1,7,1996,0.52
1996-08-01,PRECOS12_IPCAAB12,1996-08-01T00:00:00-03:00,1,8,1996,-0.68
1996-09-01,PRECOS12_IPCAAB12,1996-09-01T00:00:00-03:00,1,9,1996,-0.58
1996-10-01,PRECOS12_IPCAAB12,1996-10-01T00:00:00-03:00,1,10,1996,0.11
1996-11-01,PRECOS12_IPCAAB12,1996-11-01T00:00:00-03:00,1,11,1996,-0.37
1996-12-01,PRECOS12_IPCAAB12,1996-12-01T00:00:00-02:00,1,12,1996,-0.48
1997-01-01,PRECOS12_IPCAAB12,1997-01-01T00:00:00-02:00,1,1,1997,0.97
1997-02-01,PRECOS12_IPCAAB12,1997-02-01T00:00:00-02:00,1,2,1997,0.72
1997-03-01,PRECOS12_IPCAAB12,1997-03-01T00:00:00-03:00,1,3,1997,1.22
1997-04-01,PRECOS12_IPCAAB12,1997-04-01T00:00:00-03:00,1,4,1997,-0.16
1997-05-01,PRECOS12_IPCAAB12,1997-05-01T00:00:00-03:00,1,5,1997,-0.92
1997-06-01,PRECOS12_IPCAAB12,1997-06-01T00:00:00-03:00,1,6,1997,-0.34
1997-07-01,PRECOS12_IPCAAB12,1997-07-01T00:00:00-03:00,1,7,1997,-0.52
1997-08-01,PRECOS12_IPCAAB12,1997-08-01T00:00:00-03:00,1,8,1997,-0.57
1997-09-01,PRECOS12_IPCAAB12,1997-09-01T00:00:00-03:00,1,9,1997,-0.21
1997-10-01,PRECOS12_IPCAAB12,1997-10-01T00:00:00-03:00,1,10,1997,0.27
1997-11-01,PRECOS12_IPCAAB12,1997-11-01T00:00:00-03:00,1,11,1997,0.17
1997-12-01,PRECOS12_IPCAAB12,1997-12-01T00:00:00-02:00,1,12,1997,0.59
1998-01-01,PRECOS12_IPCAAB12,1998-01-01T00:00:00-02:00,1,1,1998,1.24
1998-02-01,PRECOS12_IPCAAB12,1998-02-01T00:00:00-02:00,1,2,1998,0.62
1998-03-01,PRECOS12_IPCAAB12,1998-03-01T00:00:00-03:00,1,3,1998,0.79
1998-04-01,PRECOS12_IPCAAB12,1998-04-01T00:00:00-03:00,1,4,1998,0.85
1998-05-01,PRECOS12_IPCAAB12,1998-05-01T00:00:00-03:00,1,5,1998,1.38
1998-06-01,PRECOS12_IPCAAB12,1998-06-01T00:00:00-03:00,1,6,1998,0.13
1998-07-01,PRECOS12_IPCAAB12,1998-07-01T00:00:00-03:00,1,7,1998,-0.99
1998-08-01,PRECOS12_IPCAAB12,1998-08-01T00:00:00-03:00,1,8,1998,-1.2
1998-09-01,PRECOS12_IPCAAB12,1998-09-01T00:00:00-03:00,1,9,1998,-0.47
1998-10-01,PRECOS12_IPCAAB12,1998-10-01T00:00:00-03:00,1,10,1998,-0.02
1998-11-01,PRECOS12_IPCAAB12,1998-11-01T00:00:00-03:00,1,11,1998,-0.46
1998-12-01,PRECOS12_IPCAAB12,1998-12-01T00:00:00-02:00,1,12,1998,0.1
1999-01-01,PRECOS12_IPCAAB12,1999-01-01T00:00:00-02:00,1,1,1999,0.9
1999-02-01,PRECOS12_IPCAAB12,1999-02-01T00:00:00-02:00,1,2,1999,2.71
1999-03-01,PRECOS12_IPCAAB12,1999-03-01T00:00:00-03:00,1,3,1999,2.01
1999-04-01,PRECOS12_IPCAAB12,1999-04-01T00:00:00-03:00,1,4,1999,-0.23
1999-05-01,PRECOS12_IPCAAB12,1999-05-01T00:00:00-03:00,1,5,1999,-0.95
1999-06-01,PRECOS12_IPCAAB12,1999-06-01T00:00:00-03:00,1,6,1999,-1.28
1999-07-01,PRECOS12_IPCAAB12,1999-07-01T00:00:00-03:00,1,7,1999,-0.24
1999-08-01,PRECOS12_IPCAAB12,1999-08-01T00:00:00-03:00,1,8,1999,0.13
1999-09-01,PRECOS12_IPCAAB12,1999-09-01T00:00:00-03:00,1,9,1999,0.34
1999-10-01,PRECOS12_IPCAAB12,1999-10-01T00:00:00-03:00,1,10,1999,1.77
1999-11-01,PRECOS12_IPCAAB12,1999-11-01T00:00:00-03:00,1,11,1999,1.35
1999-12-01,PRECOS12_IPCAAB12,1999-12-01T00:00:00-02:00,1,12,1999,1.41
2000-01-01,PRECOS12_IPCAAB12,2000-01-01T00:00:00-02:00,1,1,2000,0.84
2000-02-01,PRECOS12_IPCAAB12,2000-02-01T00:00:00-02:00,1,2,2000,-0.25
2000-03-01,PRECOS12_IPCAAB12,2000-03-01T00:00:00-03:00,1,3,2000,-0.46
2000-04-01,PRECOS12_IPCAAB12,2000-04-01T00:00:00-03:00,1,4,2000,-0.36
2000-05-01,PRECOS12_IPCAAB12,2000-05-01T00:00:00-03:00,1,5,2000,-0.67
2000-06-01,PRECOS12_IPCAAB12,2000-06-01T00:00:00-03:00,1,6,2000,0.11
2000-07-01,PRECOS12_IPCAAB12,2000-07-01T00:00:00-03:00,1,7,2000,1.78
2000-08-01,PRECOS12_IPCAAB12,2000-08-01T00:00:00-03:00,1,8,2000,2.07
2000-09-01,PRECOS12_IPCAAB12,2000-09-01T00:00:00-03:00,1,9,2000,0.53
2000-10-01,PRECOS12_IPCAAB12,2000-10-01T00:00:00-03:00,1,10,2000,0.16
2000-11-01,PRECOS12_IPCAAB12,2000-11-01T00:00:00-03:00,1,11,2000,-0.07
2000-12-01,PRECOS12_IPCAAB12,2000-12-01T00:00:00-02:00,1,12,2000,-0.48
2001-01-01,PRECOS12_IPCAAB12,2001-01-01T00:00:00-02:00,1,1,2001,0.63
2001-02-01,PRECOS12_IPCAAB12,2001-02-01T00:00:00-02:00,1,2,2001,0.05
2001-03-01,PRECOS12_IPCAAB12,2001-03-01T00:00:00-03:00,1,3,2001,1.17
2001-04-01,PRECOS12_IPCAAB12,2001-04-01T00:00:00-03:00,1,4,2001,1.8
2001-05-01,PRECOS12_IPCAAB12,2001-05-01T00:00:00-03:00,1,5,2001,0.58
2001-06-01,PRECOS12_IPCAAB12,2001-06-01T00:00:00-03:00,1,6,2001,0.1
2001-07-01,PRECOS12_IPCAAB12,2001-07-01T00:00:00-03:00,1,7,2001,0.67
2001-08-01,PRECOS12_IPCAAB12,2001-08-01T00:00:00-03:00,1,8,2001,0.83
2001-09-01,PRECOS12_IPCAAB12,2001-09-01T00:00:00-03:00,1,9,2001,0.39
2001-10-01,PRECOS12_IPCAAB12,2001-10-01T00:00:00-03:00,1,10,2001,1.15
2001-11-01,PRECOS12_IPCAAB12,2001-11-01T00:00:00-03:00,1,11,2001,1.31
2001-12-01,PRECOS12_IPCAAB12,2001-12-01T00:00:00-02:00,1,12,2001,0.56
2002-01-01,PRECOS12_IPCAAB12,2002-01-01T00:00:00-02:00,1,1,2002,0.85
2002-02-01,PRECOS12_IPCAAB12,2002-02-01T00:00:00-02:00,1,2,2002,0.2
2002-03-01,PRECOS12_IPCAAB12,2002-03-01T00:00:00-03:00,1,3,2002,0.39
2002-04-01,PRECOS12_IPCAAB12,2002-04-01T00:00:00-03:00,1,4,2002,-0.32
2002-05-01,PRECOS12_IPCAAB12,2002-05-01T00:00:00-03:00,1,5,2002,-0.59
2002-06-01,PRECOS12_IPCAAB12,2002-06-01T00:00:00-03:00,1,6,2002,0.08
2002-07-01,PRECOS12_IPCAAB12,2002-07-01T00:00:00-03:00,1,7,2002,1.05
2002-08-01,PRECOS12_IPCAAB12,2002-08-01T00:00:00-03:00,1,8,2002,1.94
2002-09-01,PRECOS12_IPCAAB12,2002-09-01T00:00:00-03:00,1,9,2002,1.96
2002-10-01,PRECOS12_IPCAAB12,2002-10-01T00:00:00-03:00,1,10,2002,2.79
2002-11-01,PRECOS12_IPCAAB12,2002-11-01T00:00:00-03:00,1,11,2002,5.85
2002-12-01,PRECOS12_IPCAAB12,2002-12-01T00:00:00-02:00,1,12,2002,3.91
2003-01-01,PRECOS12_IPCAAB12,2003-01-01T00:00:00-02:00,1,1,2003,2.15
2003-02-01,PRECOS12_IPCAAB12,2003-02-01T00:00:00-02:00,1,2,2003,1.22
2003-03-01,PRECOS12_IPCAAB12,2003-03-01T00:00:00-03:00,1,3,2003,1.66
2003-04-01,PRECOS12_IPCAAB12,2003-04-01T00:00:00-03:00,1,4,2003,1.01
2003-05-01,PRECOS12_IPCAAB12,2003-05-01T00:00:00-03:00,1,5,2003,0.63
2003-06-01,PRECOS12_IPCAAB12,2003-06-01T00:00:00-03:00,1,6,2003,-0.34
2003-07-01,PRECOS12_IPCAAB12,2003-07-01T00:00:00-03:00,1,7,2003,-0.67
2003-08-01,PRECOS12_IPCAAB12,2003-08-01T00:00:00-03:00,1,8,2003,-0.27
2003-09-01,PRECOS12_IPCAAB12,2003-09-01T00:00:00-03:00,1,9,2003,0.78
2003-10-01,PRECOS12_IPCAAB12,2003-10-01T00:00:00-03:00,1,10,2003,0.46
2003-11-01,PRECOS12_IPCAAB12,2003-11-01T00:00:00-03:00,1,11,2003,0.25
2003-12-01,PRECOS12_IPCAAB12,2003-12-01T00:00:00-02:00,1,12,2003,0.39
2004-01-01,PRECOS12_IPCAAB12,2004-01-01T00:00:00-02:00,1,1,2004,0.88
2004-02-01,PRECOS12_IPCAAB12,2004-02-01T00:00:00-02:00,1,2,2004,0.15
2004-03-01,PRECOS12_IPCAAB12,2004-03-01T00:00:00-03:00,1,3,2004,0.43
2004-04-01,PRECOS12_IPCAAB12,2004-04-01T00:00:00-03:00,1,4,2004,-0.34
2004-05-01,PRECOS12_IPCAAB12,2004-05-01T00:00:00-03:00,1,5,2004,0.23
2004-06-01,PRECOS12_IPCAAB12,2004-06-01T00:00:00-03:00,1,6,2004,0.72
2004-07-01,PRECOS12_IPCAAB12,2004-07-01T00:00:00-03:00,1,7,2004,0.67
2004-08-01,PRECOS12_IPCAAB12,2004-08-01T00:00:00-03:00,1,8,2004,0.85
2004-09-01,PRECOS12_IPCAAB12,2004-09-01T00:00:00-03:00,1,9,2004,-0.19
2004-10-01,PRECOS12_IPCAAB12,2004-10-01T00:00:00-03:00,1,10,2004,-0.23
2004-11-01,PRECOS12_IPCAAB12,2004-11-01T00:00:00-03:00,1,11,2004,-0.01
2004-12-01,PRECOS12_IPCAAB12,2004-12-01T00:00:00-02:00,1,12,2004,0.65
2005-01-01,PRECOS12_IPCAAB12,2005-01-01T00:00:00-02:00,1,1,2005,0.78
2005-02-01,PRECOS12_IPCAAB12,2005-02-01T00:00:00-02:00,1,2,2005,0.49
2005-03-01,PRECOS12_IPCAAB12,2005-03-01T00:00:00-03:00,1,3,2005,0.26
2005-04-01,PRECOS12_IPCAAB12,2005-04-01T00:00:00-03:00,1,4,2005,0.81
2005-05-01,PRECOS12_IPCAAB12,2005-05-01T00:00:00-03:00,1,5,2005,0.65
2005-06-01,PRECOS12_IPCAAB12,2005-06-01T00:00:00-03:00,1,6,2005,-0.67
2005-07-01,PRECOS12_IPCAAB12,2005-07-01T00:00:00-03:00,1,7,2005,-0.77
2005-08-01,PRECOS12_IPCAAB12,2005-08-01T00:00:00-03:00,1,8,2005,-0.73
2005-09-01,PRECOS12_IPCAAB12,2005-09-01T00:00:00-03:00,1,9,2005,-0.25
2005-10-01,PRECOS12_IPCAAB12,2005-10-01T00:00:00-03:00,1,10,2005,0.27
2005-11-01,PRECOS12_IPCAAB12,2005-11-01T00:00:00-02:00,1,11,2005,0.88
2005-12-01,PRECOS12_IPCAAB12,2005-12-01T00:00:00-02:00,1,12,2005,0.27
2006-01-01,PRECOS12_IPCAAB12,2006-01-01T00:00:00-02:00,1,1,2006,0.11
2006-02-01,PRECOS12_IPCAAB12,2006-02-01T00:00:00-02:00,1,2,2006,-0.28
2006-03-01,PRECOS12_IPCAAB12,2006-03-01T00:00:00-03:00,1,3,2006,-0.24
2006-04-01,PRECOS12_IPCAAB12,2006-04-01T00:00:00-03:00,1,4,2006,-0.27
2006-05-01,PRECOS12_IPCAAB12,2006-05-01T00:00:00-03:00,1,5,2006,-0.03
2006-06-01,PRECOS12_IPCAAB12,2006-06-01T00:00:00-03:00,1,6,2006,-0.61
2006-07-01,PRECOS12_IPCAAB12,2006-07-01T00:00:00-03:00,1,7,2006,0.09
2006-08-01,PRECOS12_IPCAAB12,2006-08-01T00:00:00-03:00,1,8,2006,0.07
2006-09-01,PRECOS12_IPCAAB12,2006-09-01T00:00:00-03:00,1,9,2006,0.08
2006-10-01,PRECOS12_IPCAAB12,2006-10-01T00:00:00-03:00,1,10,2006,0.88
2006-11-01,PRECOS12_IPCAAB12,2006-11-01T00:00:00-03:00,1,11,2006,1.05
2006-12-01,PRECOS12_IPCAAB12,2006-12-01T00:00:00-02:00,1,12,2006,0.39
2007-01-01,PRECOS12_IPCAAB12,2007-01-01T00:00:00-02:00,1,1,2007,0.84
2007-02-01,PRECOS12_IPCAAB12,2007-02-01T00:00:00-02:00,1,2,2007,0.78
2007-03-01,PRECOS12_IPCAAB12,2007-03-01T00:00:00-03:00,1,3,2007,0.98
2007-04-01,PRECOS12_IPCAAB12,2007-04-01T00:00:00-03:00,1,4,2007,0.03
2007-05-01,PRECOS12_IPCAAB12,2007-05-01T00:00:00-03:00,1,5,2007,0.16
2007-06-01,PRECOS12_IPCAAB12,2007-06-01T00:00:00-03:00,1,6,2007,1.09
2007-07-01,PRECOS12_IPCAAB12,2007-07-01T00:00:00-03:00,1,7,2007,1.27
2007-08-01,PRECOS12_IPCAAB12,2007-08-01T00:00:00-03:00,1,8,2007,1.39
2007-09-01,PRECOS12_IPCAAB12,2007-09-01T00:00:00-03:00,1,9,2007,0.44
2007-10-01,PRECOS12_IPCAAB12,2007-10-01T00:00:00-03:00,1,10,2007,0.52
2007-11-01,PRECOS12_IPCAAB12,2007-11-01T00:00:00-02:00,1,11,2007,0.73
2007-12-01,PRECOS12_IPCAAB12,2007-12-01T00:00:00-02:00,1,12,2007,2.06
2008-01-01,PRECOS12_IPCAAB12,2008-01-01T00:00:00-02:00,1,1,2008,1.52
2008-02-01,PRECOS12_IPCAAB12,2008-02-01T00:00:00-02:00,1,2,2008,0.6
2008-03-01,PRECOS12_IPCAAB12,2008-03-01T00:00:00-03:00,1,3,2008,0.89
2008-04-01,PRECOS12_IPCAAB12,2008-04-01T00:00:00-03:00,1,4,2008,1.29
2008-05-01,PRECOS12_IPCAAB12,2008-05-01T00:00:00-03:00,1,5,2008,1.95
2008-06-01,PRECOS12_IPCAAB12,2008-06-01T00:00:00-03:00,1,6,2008,2.11
2008-07-01,PRECOS12_IPCAAB12,2008-07-01T00:00:00-03:00,1,7,2008,1.05
2008-08-01,PRECOS12_IPCAAB12,2008-08-01T00:00:00-03:00,1,8,2008,-0.18
2008-09-01,PRECOS12_IPCAAB12,2008-09-01T00:00:00-03:00,1,9,2008,-0.27
2008-10-01,PRECOS12_IPCAAB12,2008-10-01T00:00:00-03:00,1,10,2008,0.69
2008-11-01,PRECOS12_IPCAAB12,2008-11-01T00:00:00-02:00,1,11,2008,0.61
2008-12-01,PRECOS12_IPCAAB12,2008-12-01T00:00:00-02:00,1,12,2008,0.36
2009-01-01,PRECOS12_IPCAAB12,2009-01-01T00:00:00-02:00,1,1,2009,0.75
2009-02-01,PRECOS12_IPCAAB12,2009-02-01T00:00:00-02:00,1,2,2009,0.27
2009-03-01,PRECOS12_IPCAAB12,2009-03-01T00:00:00-03:00,1,3,2009,0.3
2009-04-01,PRECOS12_IPCAAB12,2009-04-01T00:00:00-03:00,1,4,2009,0.15
2009-05-01,PRECOS12_IPCAAB12,2009-05-01T00:00:00-03:00,1,5,2009,0.44
2009-06-01,PRECOS12_IPCAAB12,2009-06-01T00:00:00-03:00,1,6,2009,0.7
2009-07-01,PRECOS12_IPCAAB12,2009-07-01T00:00:00-03:00,1,7,2009,-0.06
2009-08-01,PRECOS12_IPCAAB12,2009-08-01T00:00:00-03:00,1,8,2009,-0.01
2009-09-01,PRECOS12_IPCAAB12,2009-09-01T00:00:00-03:00,1,9,2009,-0.14
2009-10-01,PRECOS12_IPCAAB12,2009-10-01T00:00:00-03:00,1,10,2009,-0.09
2009-11-01,PRECOS12_IPCAAB12,2009-11-01T00:00:00-02:00,1,11,2009,0.58
2009-12-01,PRECOS12_IPCAAB12,2009-12-01T00:00:00-02:00,1,12,2009,0.24
2010-01-01,PRECOS12_IPCAAB12,2010-01-01T00:00:00-02:00,1,1,2010,1.13
2010-02-01,PRECOS12_IPCAAB12,2010-02-01T00:00:00-02:00,1,2,2010,0.96
2010-03-01,PRECOS12_IPCAAB12,2010-03-01T00:00:00-03:00,1,3,2010,1.55
2010-04-01,PRECOS12_IPCAAB12,2010-04-01T00:00:00-03:00,1,4,2010,1.45
2010-05-01,PRECOS12_IPCAAB12,2010-05-01T00:00:00-03:00,1,5,2010,0.28
2010-06-01,PRECOS12_IPCAAB12,2010-06-01T00:00:00-03:00,1,6,2010,-0.9
2010-07-01,PRECOS12_IPCAAB12,2010-07-01T00:00:00-03:00,1,7,2010,-0.76
2010-08-01,PRECOS12_IPCAAB12,2010-08-01T00:00:00-03:00,1,8,2010,-0.24
2010-09-01,PRECOS12_IPCAAB12,2010-09-01T00:00:00-03:00,1,9,2010,1.08
2010-10-01,PRECOS12_IPCAAB12,2010-10-01T00:00:00-03:00,1,10,2010,1.89
2010-11-01,PRECOS12_IPCAAB12,2010-11-01T00:00:00-02:00,1,11,2010,2.22
2010-12-01,PRECOS12_IPCAAB12,2010-12-01T00:00:00-02:00,1,12,2010,1.32
2011-01-01,PRECOS12_IPCAAB12,2011-01-01T00:00:00-02:00,1,1,2011,1.16
2011-02-01,PRECOS12_IPCAAB12,2011-02-01T00:00:00-02:00,1,2,2011,0.23
2011-03-01,PRECOS12_IPCAAB12,2011-03-01T00:00:00-03:00,1,3,2011,0.75
2011-04-01,PRECOS12_IPCAAB12,2011-04-01T00:00:00-03:00,1,4,2011,0.58
2011-05-01,PRECOS12_IPCAAB12,2011-05-01T00:00:00-03:00,1,5,2011,0.63
2011-06-01,PRECOS12_IPCAAB12,2011-06-01T00:00:00-03:00,1,6,2011,-0.26
2011-07-01,PRECOS12_IPCAAB12,2011-07-01T00:00:00-03:00,1,7,2011,-0.34
2011-08-01,PRECOS12_IPCAAB12,2011-08-01T00:00:00-03:00,1,8,2011,0.72
2011-09-01,PRECOS12_IPCAAB12,2011-09-01T00:00:00-03:00,1,9,2011,0.64
2011-10-01,PRECOS12_IPCAAB12,2011-10-01T00:00:00-03:00,1,10,2011,0.56
2011-11-01,PRECOS12_IPCAAB12,2011-11-01T00:00:00-02:00,1,11,2011,1.08
2011-12-01,PRECOS12_IPCAAB12,2011-12-01T00:00:00-02:00,1,12,2011,1.23
2012-01-01,PRECOS12_IPCAAB12,2012-01-01T00:00:00-02:00,1,1,2012,0.86
2012-02-01,PRECOS12_IPCAAB12,2012-02-01T00:00:00-02:00,1,2,2012,0.19
2012-03-01,PRECOS12_IPCAAB12,2012-03-01T00:00:00-03:00,1,3,2012,0.25
2012-04-01,PRECOS12_IPCAAB12,2012-04-01T00:00:00-03:00,1,4,2012,0.51
2012-05-01,PRECOS12_IPCAAB12,2012-05-01T00:00:00-03:00,1,5,2012,0.73
2012-06-01,PRECOS12_IPCAAB12,2012-06-01T00:00:00-03:00,1,6,2012,0.68
2012-07-01,PRECOS12_IPCAAB12,2012-07-01T00:00:00-03:00,1,7,2012,0.91
2012-08-01,PRECOS12_IPCAAB12,2012-08-01T00:00:00-03:00,1,8,2012,0.88
2012-09-01,PRECOS12_IPCAAB12,2012-09-01T00:00:00-03:00,1,9,2012,1.26
2012-10-01,PRECOS12_IPCAAB12,2012-10-01T00:00:00-03:00,1,10,2012,1.36
2012-11-01,PRECOS12_IPCAAB12,2012-11-01T00:00:00-02:00,1,11,2012,0.79
2012-12-01,PRECOS12_IPCAAB12,2012-12-01T00:00:00-02:00,1,12,2012,1.03
2013-01-01,PRECOS12_IPCAAB12,2013-01-01T00:00:00-02:00,1,1,2013,1.99
2013-02-01,PRECOS12_IPCAAB12,2013-02-01T00:00:00-02:00,1,2,2013,1.45
2013-03-01,PRECOS12_IPCAAB12,2013-03-01T00:00:00-03:00,1,3,2013,1.14
2013-04-01,PRECOS12_IPCAAB12,2013-04-01T00:00:00-03:00,1,4,2013,0.96
2013-05-01,PRECOS12_IPCAAB12,2013-05-01T00:00:00-03:00,1,5,2013,0.31
2013-06-01,PRECOS12_IPCAAB12,2013-06-01T00:00:00-03:00,1,6,2013,0.04
2013-07-01,PRECOS12_IPCAAB12,2013-07-01T00:00:00-03:00,1,7,2013,-0.33
2013-08-01,PRECOS12_IPCAAB12,2013-08-01T00:00:00-03:00,1,8,2013,0.01
2013-09-01,PRECOS12_IPCAAB12,2013-09-01T00:00:00-03:00,1,9,2013,0.14
2013-10-01,PRECOS12_IPCAAB12,2013-10-01T00:00:00-03:00,1,10,2013,1.03
2013-11-01,PRECOS12_IPCAAB12,2013-11-01T00:00:00-02:00,1,11,2013,0.56
2013-12-01,PRECOS12_IPCAAB12,2013-12-01T00:00:00-02:00,1,12,2013,0.89
2014-01-01,PRECOS12_IPCAAB12,2014-01-01T00:00:00-02:00,1,1,2014,0.84
2014-02-01,PRECOS12_IPCAAB12,2014-02-01T00:00:00-02:00,1,2,2014,0.56
2014-03-01,PRECOS12_IPCAAB12,2014-03-01T00:00:00-03:00,1,3,2014,1.92
2014-04-01,PRECOS12_IPCAAB12,2014-04-01T00:00:00-03:00,1,4,2014,1.19
2014-05-01,PRECOS12_IPCAAB12,2014-05-01T00:00:00-03:00,1,5,2014,0.58
2014-06-01,PRECOS12_IPCAAB12,2014-06-01T00:00:00-03:00,1,6,2014,-0.11
2014-07-01,PRECOS12_IPCAAB12,2014-07-01T00:00:00-03:00,1,7,2014,-0.15
2014-08-01,PRECOS12_IPCAAB12,2014-08-01T00:00:00-03:00,1,8,2014,-0.15
2014-09-01,PRECOS12_IPCAAB12,2014-09-01T00:00:00-03:00,1,9,2014,0.78
2014-10-01,PRECOS12_IPCAAB12,2014-10-01T00:00:00-03:00,1,10,2014,0.46
2014-11-01,PRECOS12_IPCAAB12,2014-11-01T00:00:00-02:00,1,11,2014,0.77
2014-12-01,PRECOS12_IPCAAB12,2014-12-01T00:00:00-02:00,1,12,2014,1.08
2015-01-01,PRECOS12_IPCAAB12,2015-01-01T00:00:00-02:00,1,1,2015,1.48
2015-02-01,PRECOS12_IPCAAB12,2015-02-01T00:00:00-02:00,1,2,2015,0.81
2015-03-01,PRECOS12_IPCAAB12,2015-03-01T00:00:00-03:00,1,3,2015,1.17
2015-04-01,PRECOS12_IPCAAB12,2015-04-01T00:00:00-03:00,1,4,2015,0.97
2015-05-01,PRECOS12_IPCAAB12,2015-05-01T00:00:00-03:00,1,5,2015,1.37
2015-06-01,PRECOS12_IPCAAB12,2015-06-01T00:00:00-03:00,1,6,2015,0.63
2015-07-01,PRECOS12_IPCAAB12,2015-07-01T00:00:00-03:00,1,7,2015,0.65
2015-08-01,PRECOS12_IPCAAB12,2015-08-01T00:00:00-03:00,1,8,2015,-0.01
2015-09-01,PRECOS12_IPCAAB12,2015-09-01T00:00:00-03:00,1,9,2015,0.24
2015-10-01,PRECOS12_IPCAAB12,2015-10-01T00:00:00-03:00,1,10,2015,0.77
2015-11-01,PRECOS12_IPCAAB12,2015-11-01T00:00:00-02:00,1,11,2015,1.83
2015-12-01,PRECOS12_IPCAAB12,2015-12-01T00:00:00-02:00,1,12,2015,1.5
2016-01-01,PRECOS12_IPCAAB12,2016-01-01T00:00:00-02:00,1,1,2016,2.28
2016-02-01,PRECOS12_IPCAAB12,2016-02-01T00:00:00-02:00,1,2,2016,1.06
2016-03-01,PRECOS12_IPCAAB12,2016-03-01T00:00:00-03:00,1,3,2016,1.24
2016-04-01,PRECOS12_IPCAAB12,2016-04-01T00:00:00-03:00,1,4,2016,1.09
2016-05-01,PRECOS12_IPCAAB12,2016-05-01T00:00:00-03:00,1,5,2016,0.78
2016-06-01,PRECOS12_IPCAAB12,2016-06-01T00:00:00-03:00,1,6,2016,0.71
2016-07-01,PRECOS12_IPCAAB12,2016-07-01T00:00:00-03:00,1,7,2016,1.32
2016-08-01,PRECOS12_IPCAAB12,2016-08-01T00:00:00-03:00,1,8,2016,0.3
2016-09-01,PRECOS12_IPCAAB12,2016-09-01T00:00:00-03:00,1,9,2016,-0.29
2016-10-01,PRECOS12_IPCAAB12,2016-10-01T00:00:00-03:00,1,10,2016,-0.05
2016-11-01,PRECOS12_IPCAAB12,2016-11-01T00:00:00-02:00,1,11,2016,-0.2
2016-12-01,PRECOS12_IPCAAB12,2016-12-01T00:00:00-02:00,1,12,2016,0.08
2017-01-01,PRECOS12_IPCAAB12,2017-01-01T00:00:00-02:00,1,1,2017,0.35
2017-02-01,PRECOS12_IPCAAB12,2017-02-01T00:00:00-02:00,1,2,2017,-0.45
2017-03-01,PRECOS12_IPCAAB12,2017-03-01T00:00:00-03:00,1,3,2017,0.34
2017-04-01,PRECOS12_IPCAAB12,2017-04-01T00:00:00-03:00,1,4,2017,0.58
2017-05-01,PRECOS12_IPCAAB12,2017-05-01T00:00:00-03:00,1,5,2017,-0.35
2017-06-01,PRECOS12_IPCAAB12,2017-06-01T00:00:00-03:00,1,6,2017,-0.5
2017-07-01,PRECOS12_IPCAAB12,2017-07-01T00:00:00-03:00,1,7,2017,-0.47
2017-08-01,PRECOS12_IPCAAB12,2017-08-01T00:00:00-03:00,1,8,2017,-1.07
2017-09-01,PRECOS12_IPCAAB12,2017-09-01T00:00:00-03:00,1,9,2017,-0.41
2017-10-01,PRECOS12_IPCAAB12,2017-10-01T00:00:00-03:00,1,10,2017,-0.05
2017-11-01,PRECOS12_IPCAAB12,2017-11-01T00:00:00-02:00,1,11,2017,-0.38
2017-12-01,PRECOS12_IPCAAB12,2017-12-01T00:00:00-02:00,1,12,2017,0.54
2018-01-01,PRECOS12_IPCAAB12,2018-01-01T00:00:00-02:00,1,1,2018,0.74
2018-02-01,PRECOS12_IPCAAB12,2018-02-01T00:00:00-02:00,1,2,2018,-0.33
2018-03-01,PRECOS12_IPCAAB12,2018-03-01T00:00:00-03:00,1,3,2018,0.07
2018-04-01,PRECOS12_IPCAAB12,2018-04-01T00:00:00-03:00,1,4,2018,0.09
2018-05-01,PRECOS12_IPCAAB12,2018-05-01T00:00:00-03:00,1,5,2018,0.32
2018-06-01,PRECOS12_IPCAAB12,2018-06-01T00:00:00-03:00,1,6,2018,2.03
2018-07-01,PRECOS12_IPCAAB12,2018-07-01T00:00:00-03:00,1,7,2018,-0.12
2018-08-01,PRECOS12_IPCAAB12,2018-08-01T00:00:00-03:00,1,8,2018,-0.34
2018-09-01,PRECOS12_IPCAAB12,2018-09-01T00:00:00-03:00,1,9,2018,0.1
2018-10-01,PRECOS12_IPCAAB12,2018-10-01T00:00:00-03:00,1,10,2018,0.59
2018-11-01,PRECOS12_IPCAAB12,2018-11-01T00:00:00-03:00,1,11,2018,0.39
2018-12-01,PRECOS12_IPCAAB12,2018-12-01T00:00:00-02:00,1,12,2018,0.44
2019-01-01,PRECOS12_IPCAAB12,2019-01-01T00:00:00-02:00,1,1,2019,0.9
2019-02-01,PRECOS12_IPCAAB12,2019-02-01T00:00:00-02:00,1,2,2019,0.78
2019-03-01,PRECOS12_IPCAAB12,2019-03-01T00:00:00-03:00,1,3,2019,1.37
2019-04-01,PRECOS12_IPCAAB12,2019-04-01T00:00:00-03:00,1,4,2019,0.63
2019-05-01,PRECOS12_IPCAAB12,2019-05-01T00:00:00-03:00,1,5,2019,-0.56
2019-06-01,PRECOS12_IPCAAB12,2019-06-01T00:00:00-03:00,1,6,2019,-0.25
2019-07-01,PRECOS12_IPCAAB12,2019-07-01T00:00:00-03:00,1,7,2019,0.01
2019-08-01,PRECOS12_IPCAAB12,2019-08-01T00:00:00-03:00,1,8,2019,-0.35
2019-09-01,PRECOS12_IPCAAB12,2019-09-01T00:00:00-03:00,1,9,2019,-0.43
2019-10-01,PRECOS12_IPCAAB12,2019-10-01T00:00:00-03:00,1,10,2019,0.05
2019-11-01,PRECOS12_IPCAAB12,2019-11-01T00:00:00-03:00,1,11,2019,0.72
2019-12-01,PRECOS12_IPCAAB12,2019-12-01T00:00:00-03:00,1,12,2019,3.38
2020-01-01,PRECOS12_IPCAAB12,2020-01-01T00:00:00-03:00,1,1,2020,0.39
2020-02-01,PRECOS12_IPCAAB12,2020-02-01T00:00:00-03:00,1,2,2020,0.11
2020-03-01,PRECOS12_IPCAAB12,2020-03-01T00:00:00-03:00,1,3,2020,1.13
2020-04-01,PRECOS12_IPCAAB12,2020-04-01T00:00:00-03:00,1,4,2020,1.79
2020-05-01,PRECOS12_IPCAAB12,2020-05-01T00:00:00-03:00,1,5,2020,0.24
2020-06-01,PRECOS12_IPCAAB12,2020-06-01T00:00:00-03:00,1,6,2020,0.38
2020-07-01,PRECOS12_IPCAAB12,2020-07-01T00:00:00-03:00,1,7,2020,0.01
2020-08-01,PRECOS12_IPCAAB12,2020-08-01T00:00:00-03:00,1,8,2020,0.78
2020-09-01,PRECOS12_IPCAAB12,2020-09-01T00:00:00-03:00,1,9,2020,2.28
2020-10-01,PRECOS12_IPCAAB12,2020-10-01T00:00:00-03:00,1,10,2020,1.93
2020-11-01,PRECOS12_IPCAAB12,2020-11-01T00:00:00-03:00,1,11,2020,2.54
2020-12-01,PRECOS12_IPCAAB12,2020-12-01T00:00:00-03:00,1,12,2020,1.74
2021-01-01,PRECOS12_IPCAAB12,2021-01-01T00:00:00-03:00,1,1,2021,1.02
2021-02-01,PRECOS12_IPCAAB12,2021-02-01T00:00:00-03:00,1,2,2021,0.27
2021-03-01,PRECOS12_IPCAAB12,2021-03-01T00:00:00-03:00,1,3,2021,0.13
2021-04-01,PRECOS12_IPCAAB12,2021-04-01T00:00:00-03:00,1,4,2021,0.4
2021-05-01,PRECOS12_IPCAAB12,2021-05-01T00:00:00-03:00,1,5,2021,0.44
2021-06-01,PRECOS12_IPCAAB12,2021-06-01T00:00:00-03:00,1,6,2021,0.43
2021-07-01,PRECOS12_IPCAAB12,2021-07-01T00:00:00-03:00,1,7,2021,0.6
2021-08-01,PRECOS12_IPCAAB12,2021-08-01T00:00:00-03:00,1,8,2021,1.39
2021-09-01,PRECOS12_IPCAAB12,2021-09-01T00:00:00-03:00,1,9,2021,1.02
2021-10-01,PRECOS12_IPCAAB12,2021-10-01T00:00:00-03:00,1,10,2021,1.17
2021-11-01,PRECOS12_IPCAAB12,2021-11-01T00:00:00-03:00,1,11,2021,-0.04
2021-12-01,PRECOS12_IPCAAB12,2021-12-01T00:00:00-03:00,1,12,2021,0.84
2022-01-01,PRECOS12_IPCAAB12,2022-01-01T00:00:00-03:00,1,1,2022,1.11
2022-02-01,PRECOS12_IPCAAB12,2022-02-01T00:00:00-03:00,1,2,2022,1.28
2022-03-01,PRECOS12_IPCAAB12,2022-03-01T00:00:00-03:00,1,3,2022,2.42
2022-04-01,PRECOS12_IPCAAB12,2022-04-01T00:00:00-03:00,1,4,2022,2.06
2022-05-01,PRECOS12_IPCAAB12,2022-05-01T00:00:00-03:00,1,5,2022,0.48
2022-06-01,PRECOS12_IPCAAB12,2022-06-01T00:00:00-03:00,1,6,2022,0.8
2022-07-01,PRECOS12_IPCAAB12,2022-07-01T00:00:00-03:00,1,7,2022,1.3
2022-08-01,PRECOS12_IPCAAB12,2022-08-01T00:00:00-03:00,1,8,2022,0.24
2022-09-01,PRECOS12_IPCAAB12,2022-09-01T00:00:00-03:00,1,9,2022,-0.51
2022-10-01,PRECOS12_IPCAAB12,2022-10-01T00:00:00-03:00,1,10,2022,0.72
2022-11-01,PRECOS12_IPCAAB12,2022-11-01T00:00:00-03:00,1,11,2022,0.53
2022-12-01,PRECOS12_IPCAAB12,2022-12-01T00:00:00-03:00,1,12,2022,0.66
2023-01-01,PRECOS12_IPCAAB12,2023-01-01T00:00:00-03:00,1,1,2023,0.59
2023-02-01,PRECOS12_IPCAAB12,2023-02-01T00:00:00-03:00,1,2,2023,0.16
2023-03-01,PRECOS12_IPCAAB12,2023-03-01T00:00:00-03:00,1,3,2023,0.05
2023-04-01,PRECOS12_IPCAAB12,2023-04-01T00:00:00-03:00,1,4,2023,0.71
2023-05-01,PRECOS12_IPCAAB12,2023-05-01T00:00:00-03:00,1,5,2023,0.16
2023-06-01,PRECOS12_IPCAAB12,2023-06-01T00:00:00-03:00,1,6,2023,-0.66
2023-07-01,PRECOS12_IPCAAB12,2023-07-01T00:00:00-03:00,1,7,2023,-0.46
2023-08-01,PRECOS12_IPCAAB12,2023-08-01T00:00:00-03:00,1,8,2023,-0.85
2023-09-01,PRECOS12_IPCAAB12,2023-09-01T00:00:00-03:00,1,9,2023,-0.71
2023-10-01,PRECOS12_IPCAAB12,2023-10-01T00:00:00-03:00,1,10,2023,0.31
2023-11-01,PRECOS12_IPCAAB12,2023-11-01T00:00:00-03:00,1,11,2023,0.63
2023-12-01,PRECOS12_IPCAAB12,2023-12-01T00:00:00-03:00,1,12,2023,1.11
2024-01-01,PRECOS12_IPCAAB12,2024-01-01T00:00:00-03:00,1,1,2024,1.38
2024-02-01,PRECOS12_IPCAAB12,2024-02-01T00:00:00-03:00,1,2,2024,0.95
2024-03-01,PRECOS12_IPCAAB12,2024-03-01T00:00:00-03:00,1,3,2024,0.53
2024-04-01,PRECOS12_IPCAAB12,2024-04-01T00:00:00-03:00,1,4,2024,0.7
2024-05-01,PRECOS12_IPCAAB12,2024-05-01T00:00:00-03:00,1,5,2024,0.62
2024-06-01,PRECOS12_IPCAAB12,2024-06-01T00:00:00-03:00,1,6,2024,0.44
2024-07-01,PRECOS12_IPCAAB12,2024-07-01T00:00:00-03:00,1,7,2024,-1.0
2024-08-01,PRECOS12_IPCAAB12,2024-08-01T00:00:00-03:00,1,8,2024,-0.44
2024-09-01,PRECOS12_IPCAAB12,2024-09-01T00:00:00-03:00,1,9,2024,0.5
2024-10-01,PRECOS12_IPCAAB12,2024-10-01T00:00:00-03:00,1,10,2024,1.06
2024-11-01,PRECOS12_IPCAAB12,2024-11-01T00:00:00-03:00,1,11,2024,1.55
2024-12-01,PRECOS12_IPCAAB12,2024-12-01T00:00:00-03:00,1,12,2024,1.18
2025-01-01,PRECOS12_IPCAAB12,2025-01-01T00:00:00-03:00,1,1,2025,0.96
2025-02-01,PRECOS12_IPCAAB12,2025-02-01T00:00:00-03:00,1,2,2025,0.7
2025-03-01,PRECOS12_IPCAAB12,2025-03-01T00:00:00-03:00,1,3,2025,1.17
2025-04-01,PRECOS12_IPCAAB12,2025-04-01T00:00:00-03:00,1,4,2025,0.82
2025-05-01,PRECOS12_IPCAAB12,2025-05-01T00:00:00-03:00,1,5,2025,0.17
2025-06-01,PRECOS12_IPCAAB12,2025-06-01T00:00:00-03:00,1,6,2025,-0.18
2025-07-01,PRECOS12_IPCAAB12,2025-07-01T00:00:00-03:00,1,7,2025,-0.27
2025-08-01,PRECOS12_IPCAAB12,2025-08-01T00:00:00-03:00,1,8,2025,-0.46
2025-09-01,PRECOS12_IPCAAB12,2025-09-01T00:00:00-03:00,1,9,2025,-0.26
2025-10-01,PRECOS12_IPCAAB12,2025-10-01T00:00:00-03:00,1,10,2025,0.01
2025-11-01,PRECOS12_IPCAAB12,2025-11-01T00:00:00-03:00,1,11,2025,-0.01
2025-12-01,PRECOS12_IPCAAB12,2025-12-01T00:00:00-03:00,1,12,2025,0.27
2026-01-01,PRECOS12_IPCAAB12,2026-01-01T00:00:00-03:00,1,1,2026,0.23
2026-02-01,PRECOS12_IPCAAB12,2026-02-01T00:00:00-03:00,1,2,2026,0.26
2026-03-01,PRECOS12_IPCAAB12,2026-03-01T00:00:00-03:00,1,3,2026,1.56
2026-04-01,PRECOS12_IPCAAB12,2026-04-01T00:00:00-03:00,1,4,2026,1.34
